Arizona,Arkansas,0.7089690170713359
Arizona,Baylor,0.6107899551005872
Arizona,Bucknell,0.9131656632419939
Arizona,Butler,0.6374415173571539
Arizona,Cincinnati,0.6419966411783222
Arizona,Creighton,0.693443405088319
Arizona,Dayton,0.732817717261097
Arizona,Duke,0.5323222646234331
Arizona,ETSU,0.8984372954501542
Arizona,FL Gulf Coast,0.9177534295628872
Arizona,Florida,0.6698629919526542
Arizona,Florida St,0.6621697799373998
Arizona,Gonzaga,0.5323222646234331
Arizona,Iona,0.9075215210306723
Arizona,Iowa St,0.5930332824808418
Arizona,Jacksonville St,0.9649874412682472
Arizona,Kansas,0.45222252809554997
Arizona,Kansas St,0.7608227606877025
Arizona,Kent,0.8975320302802088
Arizona,Kentucky,0.5051917693009438
Arizona,Louisville,0.5798525739167839
Arizona,Marquette,0.7433238701856292
Arizona,Maryland,0.6555064070770196
Arizona,Miami FL,0.6487813161276069
Arizona,Michigan,0.6442646844461444
Arizona,Michigan St,0.7059011178886503
Arizona,Minnesota,0.756298239887053
Arizona,Mt St Mary's,0.9632791441886478
Arizona,MTSU,0.7859164750238979
Arizona,N Kentucky,0.9279418597024799
Arizona,NC Central,0.9669364130306409
Arizona,Nevada,0.7714448144242309
Arizona,New Mexico St,0.8702628802126496
Arizona,New Orleans,0.9677171933380329
Arizona,North Carolina,0.5224702757613484
Arizona,North Dakota,0.945419661228282
Arizona,Northwestern,0.7470765364175264
Arizona,Notre Dame,0.5918402541745155
Arizona,Oklahoma St,0.7414339235881872
Arizona,Oregon,0.5249352139039343
Arizona,Princeton,0.841716901175781
Arizona,Providence,0.6955400879124993
Arizona,Purdue,0.5977943026933962
Arizona,Rhode Island,0.7608227606877025
Arizona,S Dakota St,0.9123788741868077
Arizona,Seton Hall,0.6487813161276069
Arizona,SMU,0.5629133776236892
Arizona,South Carolina,0.766175693953439
Arizona,St Mary's CA,0.677466344999829
Arizona,Troy,0.9505329476691681
Arizona,TX Southern,0.9570552078747695
Arizona,UC Davis,0.9354797002181747
Arizona,UCLA,0.6001679759935072
Arizona,UNC Wilmington,0.8308976821926148
Arizona,USC,0.7498671125860439
Arizona,VA Commonwealth,0.7259914498761688
Arizona,Vanderbilt,0.745204749823336
Arizona,Vermont,0.8645814515642622
Arizona,Villanova,0.4315103559159077
Arizona,Virginia,0.5954160371504132
Arizona,Virginia Tech,0.7230328914048891
Arizona,Wake Forest,0.7981221961807636
Arizona,West Virginia,0.5810558383675568
Arizona,Wichita St,0.6259466807607155
Arizona,Winthrop,0.9228262023642197
Arizona,Wisconsin,0.6397222239453764
Arizona,Xavier,0.6986699314269683
Arkansas,Baylor,0.3909415446150959
Arkansas,Bucknell,0.8113682034447983
Arkansas,Butler,0.41831035206812994
Arkansas,Cincinnati,0.42312707326709187
Arkansas,Creighton,0.480579043209879
Arkansas,Dayton,0.5287122987830822
Arkansas,Duke,0.31766560854800596
Arkansas,ETSU,0.7834677424894412
Arkansas,FL Gulf Coast,0.8202757594154844
Arkansas,Florida,0.45352833411340787
Arkansas,Florida St,0.4449709033112851
Arkansas,Gonzaga,0.31766560854800596
Arkansas,Iona,0.8005525129767964
Arkansas,Iowa St,0.3734437755030071
Arkansas,Jacksonville St,0.9185208988531446
Arkansas,Kansas,0.252431705727851
Arkansas,Kansas St,0.5654240843423342
Arkansas,Kent,0.781786608115589
Arkansas,Kentucky,0.29458424118304094
Arkansas,Louisville,0.36081652648590357
Arkansas,Marquette,0.5422307912996467
Arkansas,Maryland,0.4376616514928874
Arkansas,Miami FL,0.430379364017055
Arkansas,Michigan,0.42554098541658647
Arkansas,Michigan St,0.4953923685512954
Arkansas,Minnesota,0.5593440736140163
Arkansas,Mt St Mary's,0.9147457505204969
Arkansas,MTSU,0.6002469343848479
Arkansas,N Kentucky,0.8404400099364989
Arkansas,NC Central,0.9228496334050875
Arkansas,Nevada,0.579932736203511
Arkansas,New Mexico St,0.7328821390171997
Arkansas,New Orleans,0.9245903086693884
Arkansas,North Carolina,0.3091601753914296
Arkansas,North Dakota,0.8763125523021523
Arkansas,Northwestern,0.5471322830727127
Arkansas,Notre Dame,0.37228839004814884
Arkansas,Oklahoma St,0.5397769160379802
Arkansas,Oregon,0.31127474094739804
Arkansas,Princeton,0.6850479369510736
Arkansas,Providence,0.48304626449990695
Arkansas,Purdue,0.3780796612522723
Arkansas,Rhode Island,0.5654240843423342
Arkansas,S Dakota St,0.8098511122709847
Arkansas,Seton Hall,0.430379364017055
Arkansas,SMU,0.34502147003657124
Arkansas,South Carolina,0.5726940428047252
Arkansas,St Mary's CA,0.46211331537909683
Arkansas,Troy,0.8871270958110659
Arkansas,TX Southern,0.9011399643578183
Arkansas,UC Davis,0.8557079016137961
Arkansas,UCLA,0.38040604889372887
Arkansas,UNC Wilmington,0.6677469767413837
Arkansas,USC,0.5508024658442972
Arkansas,VA Commonwealth,0.5200863730449234
Arkansas,Vanderbilt,0.5446826193109982
Arkansas,Vermont,0.7230987809625744
Arkansas,Villanova,0.2369125128565608
Arkansas,Virginia,0.37575887255019014
Arkansas,Virginia Tech,0.5163855768136325
Arkansas,Wake Forest,0.6178916614762012
Arkansas,West Virginia,0.3619568388510095
Arkansas,Wichita St,0.40633835655942896
Arkansas,Winthrop,0.8302486843497171
Arkansas,Wisconsin,0.4207168257932009
Arkansas,Xavier,0.48674860920275
Baylor,Bucknell,0.8697229460746504
Baylor,Butler,0.5274406248550891
Baylor,Cincinnati,0.5323639026795163
Baylor,Creighton,0.5894914351121714
Baylor,Dayton,0.6351933640915559
Baylor,Duke,0.4194737095404063
Baylor,ETSU,0.8488457549356676
Baylor,FL Gulf Coast,0.876295014112955
Baylor,Florida,0.5629545282056928
Baylor,Florida St,0.5544271553649683
Baylor,Gonzaga,0.4194737095404063
Baylor,Iona,0.861682782804922
Baylor,Iowa St,0.4805386548164218
Baylor,Jacksonville St,0.9459358998460681
Baylor,Kansas,0.3438692471809479
Baylor,Kansas St,0.6688064414403307
Baylor,Kent,0.8475734556211503
Baylor,Kentucky,0.3932584185729292
Baylor,Louisville,0.46698918403547074
Baylor,Marquette,0.6476927814358822
Baylor,Maryland,0.5470921926475398
Baylor,Miami FL,0.5397367222305154
Baylor,Michigan,0.5348232406027915
Baylor,Michigan St,0.6037596650674483
Baylor,Minnesota,0.6633115503126145
Baylor,Mt St Mary's,0.9433526260876628
Baylor,MTSU,0.6997442783418129
Baylor,N Kentucky,0.8910092641514383
Baylor,NC Central,0.9488892046104422
Baylor,Nevada,0.6818059352137276
Baylor,New Mexico St,0.8098261953490054
Baylor,New Orleans,0.9500741560992968
Baylor,North Carolina,0.40987983414114315
Baylor,North Dakota,0.9166403909348421
Baylor,Northwestern,0.652189385287816
Baylor,Notre Dame,0.47930539974006503
Baylor,Oklahoma St,0.6454345660628793
Baylor,Oregon,0.41227218237323193
Baylor,Princeton,0.7714743025855911
Baylor,Providence,0.5918806558585434
Baylor,Purdue,0.4854738971201784
Baylor,Rhode Island,0.6688064414403307
Baylor,S Dakota St,0.8685991721838662
Baylor,Seton Hall,0.5397367222305154
Baylor,SMU,0.44981715706432734
Baylor,South Carolina,0.6753399723071325
Baylor,St Mary's CA,0.571444850343817
Baylor,Troy,0.9242337548667272
Baylor,TX Southern,0.9339827469231169
Baylor,UC Davis,0.9020025335107256
Baylor,UCLA,0.4879426413229665
Baylor,UNC Wilmington,0.7572385131230305
Baylor,USC,0.6555441745791276
Baylor,VA Commonwealth,0.6271419398983608
Baylor,Vanderbilt,0.6499444147510806
Baylor,Vermont,0.8020999838347604
Baylor,Villanova,0.325173786172005
Baylor,Virginia,0.48300586156988334
Baylor,Virginia Tech,0.6236693306977352
Baylor,Wake Forest,0.7150818951321913
Baylor,West Virginia,0.46821924544074167
Baylor,Wichita St,0.5151111459643902
Baylor,Winthrop,0.8836005296455662
Baylor,Wisconsin,0.5299029911775799
Baylor,Xavier,0.5954563268221196
Bucknell,Butler,0.14286339581675045
Bucknell,Cincinnati,0.1453006850175208
Bucknell,Creighton,0.17657628675975345
Bucknell,Dayton,0.20635810885674222
Bucknell,Duke,0.09739452641263724
Bucknell,ETSU,0.45611208240004875
Bucknell,FL Gulf Coast,0.5140517789279222
Bucknell,Florida,0.16132264748227965
Bucknell,Florida St,0.15669775311040246
Bucknell,Gonzaga,0.09739452641263724
Bucknell,Iona,0.4819468951384739
Bucknell,Iowa St,0.12137577081727757
Bucknell,Jacksonville St,0.7232065132059631
Bucknell,Kansas,0.0725825063952863
Bucknell,Kansas St,0.2316906128390882
Bucknell,Kent,0.4536617041517518
Bucknell,Kentucky,0.08824797322699462
Bucknell,Louisville,0.11569783246328491
Bucknell,Marquette,0.21540149943117715
Bucknell,Maryland,0.15281998278849684
Bucknell,Miami FL,0.14902121725917294
Bucknell,Michigan,0.14653221897220614
Bucknell,Michigan St,0.18536307959538312
Bucknell,Minnesota,0.2273220621704909
Bucknell,Mt St Mary's,0.7132074542109925
Bucknell,MTSU,0.2581701829376414
Bucknell,N Kentucky,0.549712868510191
Bucknell,NC Central,0.7349170820040587
Bucknell,Nevada,0.24241259554381722
Bucknell,New Mexico St,0.3887189929328042
Bucknell,New Orleans,0.7397019386003632
Bucknell,North Carolina,0.09397454440571096
Bucknell,North Dakota,0.6215118106737054
Bucknell,Northwestern,0.21876046594144094
Bucknell,Notre Dame,0.12084983036591646
Bucknell,Oklahoma St,0.21373610555487166
Bucknell,Oregon,0.09481931172897551
Bucknell,Princeton,0.33516262377638617
Bucknell,Providence,0.1780176931625188
Bucknell,Purdue,0.12349929401955573
Bucknell,Rhode Island,0.2316906128390882
Bucknell,S Dakota St,0.4967620597525617
Bucknell,Seton Hall,0.14902121725917294
Bucknell,SMU,0.10880647237435437
Bucknell,South Carolina,0.2370098097919019
Bucknell,St Mary's CA,0.16605716530514836
Bucknell,Troy,0.6455947241091766
Bucknell,TX Southern,0.6787341497559405
Bucknell,UC Davis,0.5788597726444168
Bucknell,UCLA,0.12457297688187075
Bucknell,UNC Wilmington,0.31778225872877375
Bucknell,USC,0.2213043340174321
Bucknell,VA Commonwealth,0.20075115766901364
Bucknell,Vanderbilt,0.21707628714702232
Bucknell,Vermont,0.37704494648122266
Bucknell,Villanova,0.06712737511717981
Bucknell,Virginia,0.12243357090766405
Bucknell,Virginia Tech,0.19838335646147298
Bucknell,Wake Forest,0.272616854383278
Bucknell,West Virginia,0.11620431497461281
Bucknell,Wichita St,0.13691908616631587
Bucknell,Winthrop,0.5313079323518606
Bucknell,Wisconsin,0.14407775421495206
Bucknell,Xavier,0.1801970614526307
Butler,Cincinnati,0.5040088887193794
Butler,Creighton,0.5617487812194326
Butler,Dayton,0.6084880066883318
Butler,Duke,0.3920900576839732
Butler,ETSU,0.8336855091070099
Butler,FL Gulf Coast,0.8634449440047423
Butler,Florida,0.5348336431363316
Butler,Florida St,0.5262193578463931
Butler,Gonzaga,0.3920900576839732
Butler,Iona,0.8475788574785632
Butler,Iowa St,0.4522743176504741
Butler,Jacksonville St,0.939823120125157
Butler,Kansas,0.3187114988326495
Butler,Kansas St,0.6431794465993921
Butler,Kent,0.8323108113491247
Butler,Kentucky,0.36650568772769665
Butler,Louisville,0.4388485223774933
Butler,Marquette,0.6213569901099597
Butler,Maryland,0.5188230453928417
Butler,Miami FL,0.5114184742530502
Butler,Michigan,0.50647910702903
Butler,Michigan St,0.57628818609718
Butler,Minnesota,0.6374898329616703
Butler,Mt St Mary's,0.9369672302371322
Butler,MTSU,0.675349139989757
Butler,N Kentucky,0.8794774421136118
Butler,NC Central,0.9430902522915748
Butler,Nevada,0.6566684477946243
Butler,New Mexico St,0.7917127128405211
Butler,New Orleans,0.9444017691551341
Butler,North Carolina,0.382709595712013
Butler,North Dakota,0.9075390655749176
Butler,Northwestern,0.6259956294309801
Butler,Notre Dame,0.45105061545529446
Butler,Oklahoma St,0.6190292594949443
Butler,Oregon,0.38504683399300565
Butler,Princeton,0.7508318464619592
Butler,Providence,0.564180093811635
Butler,Purdue,0.4571747534595517
Butler,Rhode Island,0.6431794465993921
Butler,S Dakota St,0.855081887797219
Butler,Seton Hall,0.5114184742530502
Butler,SMU,0.42189222005368365
Butler,South Carolina,0.6499539278493183
Butler,St Mary's CA,0.5434271986785023
Butler,Troy,0.9158854068277669
Butler,TX Southern,0.9266233146117331
Butler,UC Davis,0.891492210980248
Butler,UCLA,0.45962814328199975
Butler,UNC Wilmington,0.735750608818408
Butler,USC,0.6294595262065978
Butler,VA Commonwealth,0.600218143530429
Butler,Vanderbilt,0.6236791444080031
Butler,Vermont,0.7834473867880479
Butler,Villanova,0.30075685278460407
Butler,Virginia,0.45472343928233516
Butler,Virginia Tech,0.5966560516436241
Butler,Wake Forest,0.6913833014300367
Butler,West Virginia,0.4400656583521365
Butler,Wichita St,0.486718634026888
Butler,Winthrop,0.8713979630403768
Butler,Wisconsin,0.501538474684418
Butler,Xavier,0.5678212487296876
Cincinnati,Creighton,0.5568791572087175
Cincinnati,Dayton,0.6037714077676013
Cincinnati,Duke,0.38739111405440574
Cincinnati,ETSU,0.8309280768057882
Cincinnati,FL Gulf Coast,0.8610987060533857
Cincinnati,Florida,0.529915218479232
Cincinnati,Florida St,0.5212913750192366
Cincinnati,Gonzaga,0.38739111405440574
Cincinnati,Iona,0.8450089478322754
Cincinnati,Iowa St,0.4473849153123194
Cincinnati,Jacksonville St,0.9386960109826123
Cincinnati,Kansas,0.3144370890014401
Cincinnati,Kansas St,0.6386325794351578
Cincinnati,Kent,0.8295352473761077
Cincinnati,Kentucky,0.36193080877612216
Cincinnati,Louisville,0.4339892591428838
Cincinnati,Marquette,0.6166977654420236
Cincinnati,Maryland,0.5138891987901631
Cincinnati,Miami FL,0.506480924680826
Cincinnati,Michigan,0.50154029262433
Cincinnati,Michigan St,0.5714568709653476
Cincinnati,Minnesota,0.6329118439242205
Cincinnati,Mt St Mary's,0.9357902849953218
Cincinnati,MTSU,0.6710025163205673
Cincinnati,N Kentucky,0.8773675451861683
Cincinnati,NC Central,0.9420205612061037
Cincinnati,Nevada,0.6522005195314224
Cincinnati,New Mexico St,0.7884359837661113
Cincinnati,New Orleans,0.9433552490484522
Cincinnati,North Carolina,0.37805315871603007
Cincinnati,North Dakota,0.9058678423780997
Cincinnati,Northwestern,0.6213587009696004
Cincinnati,Notre Dame,0.4461636661185441
Cincinnati,Oklahoma St,0.6143591689547551
Cincinnati,Oregon,0.3803794830227393
Cincinnati,Princeton,0.747117411778854
Cincinnati,Providence,0.5593162920372152
Cincinnati,Purdue,0.4522761190449034
Cincinnati,Rhode Island,0.6386325794351578
Cincinnati,S Dakota St,0.852616485888616
Cincinnati,Seton Hall,0.506480924680826
Cincinnati,SMU,0.41708116062596245
Cincinnati,South Carolina,0.6454457989894442
Cincinnati,St Mary's CA,0.5385212363989593
Cincinnati,Troy,0.9143508056232504
Cincinnati,TX Southern,0.9252686329139145
Cincinnati,UC Davis,0.8895662364513525
Cincinnati,UCLA,0.45472524233306444
Cincinnati,UNC Wilmington,0.7318916325168376
Cincinnati,USC,0.6248398059770318
Cincinnati,VA Commonwealth,0.5954681507207521
Cincinnati,Vanderbilt,0.6190309744235942
Cincinnati,Vermont,0.7800767489139009
Cincinnati,Villanova,0.2966184034193253
Cincinnati,Virginia,0.4498293046937396
Cincinnati,Virginia Tech,0.5918925126388503
Cincinnati,Wake Forest,0.6871519069879801
Cincinnati,West Virginia,0.4352033702495822
Cincinnati,Wichita St,0.4817844020035843
Cincinnati,Winthrop,0.8691676658192639
Cincinnati,Wisconsin,0.4965993597602314
Cincinnati,Xavier,0.5629666048424806
Creighton,Dayton,0.5471255263023094
Creighton,Duke,0.3339367615207568
Creighton,ETSU,0.7957723649389407
Creighton,FL Gulf Coast,0.8309400802021085
Creighton,Florida,0.47194521467128847
Creighton,Florida St,0.46333491738502086
Creighton,Gonzaga,0.3339367615207568
Creighton,Iona,0.8121190972780212
Creighton,Iowa St,0.3909350516299427
Creighton,Jacksonville St,0.9238964918933088
Creighton,Kansas,0.2666673648037351
Creighton,Kansas St,0.583532804838812
Creighton,Kent,0.7941616635819786
Creighton,Kentucky,0.3102106316106077
Creighton,Louisville,0.3780732492815413
Creighton,Marquette,0.5605548435767469
Creighton,Maryland,0.4559718287313228
Creighton,Miami FL,0.44862793505710175
Creighton,Michigan,0.44374422121631996
Creighton,Michigan St,0.5139105432782761
Creighton,Minnesota,0.5775168425787476
Creighton,Mt St Mary's,0.9203488112129238
Creighton,MTSU,0.6178852231178427
Creighton,N Kentucky,0.850126453817847
Creighton,NC Central,0.9279620359063903
Creighton,Nevada,0.5978668596233947
Creighton,New Mexico St,0.7471335546252575
Creighton,New Orleans,0.9295961643162592
Creighton,North Carolina,0.32520330730673486
Creighton,North Dakota,0.8841215344908254
Creighton,Northwestern,0.5654173837124146
Creighton,Notre Dame,0.3897592140079523
Creighton,Oklahoma St,0.5581191469120402
Creighton,Oregon,0.3273756041262972
Creighton,Princeton,0.7008095738785145
Creighton,Providence,0.5015616534152325
Creighton,Purdue,0.3956509581599523
Creighton,Rhode Island,0.583532804838812
Creighton,S Dakota St,0.8209990173519095
Creighton,Seton Hall,0.44862793505710175
Creighton,SMU,0.36195054117796066
Creighton,South Carolina,0.590719106204777
Creighton,St Mary's CA,0.480572236159475
Creighton,Troy,0.894335631768341
Creighton,TX Southern,0.9075468452420268
Creighton,UC Davis,0.8646167802933219
Creighton,UCLA,0.39801627090778424
Creighton,UNC Wilmington,0.6839750146812822
Creighton,USC,0.5690560974043215
Creighton,VA Commonwealth,0.5385424705363939
Creighton,Vanderbilt,0.5629876269580645
Creighton,Vermont,0.7376853400680465
Creighton,Villanova,0.25056632326434713
Creighton,Virginia,0.3932905184511071
Creighton,Virginia Tech,0.5348567095156413
Creighton,Wake Forest,0.6352245369152667
Creighton,West Virginia,0.3792357413753964
Creighton,Wichita St,0.4243269169042879
Creighton,Winthrop,0.8404363530654035
Creighton,Wisconsin,0.43887135474943106
Creighton,Xavier,0.5052672062693132
Dayton,Duke,0.2925439290586853
Dayton,ETSU,0.7626838227090386
Dayton,FL Gulf Coast,0.8021325907315473
Dayton,Florida,0.4243442360746156
Dayton,Florida St,0.4159183597010181
Dayton,Gonzaga,0.2925439290586853
Dayton,Iona,0.7809499838414495
Dayton,Iowa St,0.346148771490279
Dayton,Jacksonville St,0.9091977014979988
Dayton,Kansas,0.23072445503743422
Dayton,Kansas St,0.5361033723441111
Dayton,Kent,0.7608905714504317
Dayton,Kentucky,0.27056409531602665
Dayton,Louisville,0.3339525315702765
Dayton,Marquette,0.5126938831765646
Dayton,Maryland,0.4087348951940478
Dayton,Miami FL,0.40159019470317603
Dayton,Michigan,0.39684998226324086
Dayton,Michigan St,0.46581064062648025
Dayton,Minnesota,0.5299541644598964
Dayton,Mt St Mary's,0.9050352448350661
Dayton,MTSU,0.5714951583088594
Dayton,N Kentucky,0.8238954050317098
Dayton,NC Central,0.9139753600782468
Dayton,Nevada,0.5508132609564707
Dayton,New Mexico St,0.709045907124026
Dayton,New Orleans,0.9158980108478585
Dayton,North Carolina,0.2844307392354438
Dayton,North Dakota,0.8628806758009205
Dayton,Northwestern,0.5176302895528841
Dayton,Notre Dame,0.34503132990239105
Dayton,Oklahoma St,0.5102246907762285
Dayton,Oregon,0.2864462948836094
Dayton,Princeton,0.65892969988773
Dayton,Providence,0.45353914765206393
Dayton,Purdue,0.35063544136560554
Dayton,Rhode Island,0.5361033723441111
Dayton,S Dakota St,0.7909238082860315
Dayton,Seton Hall,0.40159019470317603
Dayton,SMU,0.3187470265924003
Dayton,South Carolina,0.5434677938584926
Dayton,St Mary's CA,0.4328143197117993
Dayton,Troy,0.8747017068539863
Dayton,TX Southern,0.8900659956694884
Dayton,UC Davis,0.8404458607890263
Dayton,UCLA,0.3528887793592771
Dayton,UNC Wilmington,0.6409459952523062
Dayton,USC,0.5213303900934627
Dayton,VA Commonwealth,0.4904633124007918
Dayton,Vanderbilt,0.5151624561851716
Dayton,Vermont,0.6987483862895956
Dayton,Villanova,0.21615392627251706
Dayton,Virginia,0.3483887454472844
Dayton,Virginia Tech,0.4867595092903442
Dayton,Wake Forest,0.5895411462634432
Dayton,West Virginia,0.33505244748564955
Dayton,Wichita St,0.3780899204941235
Dayton,Winthrop,0.8128826239080675
Dayton,Wisconsin,0.3921290571709133
Dayton,Xavier,0.45721535770742117
Duke,ETSU,0.8856059344488795
Duke,FL Gulf Coast,0.9071101426714403
Duke,Florida,0.6397335368294881
Duke,Florida St,0.6317242195671819
Duke,Gonzaga,0.49902799062049086
Duke,Iona,0.8957046242304607
Duke,Iowa St,0.5604925952221606
Duke,Jacksonville St,0.9601914362714601
Duke,Kansas,0.4194449342640084
Duke,Kansas St,0.735719504025246
Duke,Kent,0.8846009889409389
Duke,Kentucky,0.47188223999703816
Duke,Louisville,0.5470629127374779
Duke,Marquette,0.7170669877525342
Duke,Maryland,0.6248005987636662
Duke,Miami FL,0.6178255590282302
Duke,Michigan,0.6131482093105135
Duke,Michigan St,0.6774770702241781
Duke,Minnesota,0.7308880746028737
Duke,Mt St Mary's,0.9582592592023229
Duke,MTSU,0.7626252476902637
Duke,N Kentucky,0.9184999437153759
Duke,NC Central,0.962396974241925
Duke,Nevada,0.747085811042451
Duke,New Mexico St,0.8544486460041615
Duke,New Orleans,0.963280880399559
Duke,North Carolina,0.48914771366088505
Duke,North Dakota,0.9381151639548663
Duke,Northwestern,0.7210594799365879
Duke,Notre Dame,0.5592750670774164
Duke,Oklahoma St,0.7150578191582463
Duke,Oregon,0.4916172896712149
Duke,Princeton,0.8231302539199229
Duke,Providence,0.666587637853685
Duke,Purdue,0.5653552900715981
Duke,Rhode Island,0.735719504025246
Duke,S Dakota St,0.901115020354903
Duke,Seton Hall,0.6178255590282302
Duke,SMU,0.529873554933818
Duke,South Carolina,0.7414433335152386
Duke,St Mary's CA,0.6476658167618036
Duke,Troy,0.9438721361286118
Duke,TX Southern,0.9512275656630471
Duke,UC Davis,0.9269477253417615
Duke,UCLA,0.5677819891111751
Duke,UNC Wilmington,0.8113253510493044
Duke,USC,0.7240310725129405
Duke,VA Commonwealth,0.6986802651708491
Duke,Vanderbilt,0.7190675553254062
Duke,Vermont,0.8481954852020974
Duke,Villanova,0.39914011827490026
Duke,Virginia,0.5629254545147373
Duke,Virginia Tech,0.6955504822190348
Duke,Wake Forest,0.7757800381060281
Duke,West Virginia,0.5482869292740542
Duke,Wichita St,0.5942370498406628
Duke,Winthrop,0.9127769790210055
Duke,Wisconsin,0.6084498938806746
Duke,Xavier,0.6698738468064951
ETSU,FL Gulf Coast,0.5570240526719368
ETSU,Florida,0.18610070930992972
ETSU,Florida St,0.18091869915175596
ETSU,Gonzaga,0.11368464128931466
ETSU,Iona,0.5251355945315386
ETSU,Iowa St,0.14105015414337274
ETSU,Jacksonville St,0.7564463102738824
ETSU,Kansas,0.08511392678136964
ETSU,Kansas St,0.26387614198468823
ETSU,Kent,0.4967461532979308
ETSU,Kentucky,0.10318313151952385
ETSU,Louisville,0.13459283825259094
ETSU,Marquette,0.2460488714003205
ETSU,Maryland,0.17656703555064446
ETSU,Miami FL,0.17229802501107783
ETSU,Michigan,0.16949768667326115
ETSU,Michigan St,0.21289626939654294
ETSU,Minnesota,0.2591053883596619
ETSU,Mt St Mary's,0.7472283371580103
ETSU,MTSU,0.2926331078062294
ETSU,N Kentucky,0.5920343465654345
ETSU,NC Central,0.7672032548574038
ETSU,Nevada,0.27555338800159634
ETSU,New Mexico St,0.4304956897080071
ETSU,New Orleans,0.7715864613372523
ETSU,North Carolina,0.10976219776868501
ETSU,North Dakota,0.6612436075807957
ETSU,Northwestern,0.24973363469104337
ETSU,Notre Dame,0.14045258947573247
ETSU,Oklahoma St,0.2442202806471746
ETSU,Oregon,0.1107315403283129
ETSU,Princeton,0.37471177382144394
ETSU,Providence,0.20473402876746694
ETSU,Purdue,0.14346168652796276
ETSU,Rhode Island,0.26387614198468823
ETSU,S Dakota St,0.5398947847803237
ETSU,Seton Hall,0.17229802501107783
ETSU,SMU,0.12673732535285032
ETSU,South Carolina,0.26967490060194566
ETSU,St Mary's CA,0.19139646325681292
ETSU,Troy,0.6840834608673961
ETSU,TX Southern,0.71521151395402
ETSU,UC Davis,0.6203338359096855
ETSU,UCLA,0.14468027206372014
ETSU,UNC Wilmington,0.3563798834213655
ETSU,USC,0.25252125662368363
ETSU,VA Commonwealth,0.22992492058934955
ETSU,Vanderbilt,0.24788666301201767
ETSU,Vermont,0.41842581190017614
ETSU,Villanova,0.07879698499707122
ETSU,Virginia,0.14225165767085002
ETSU,Virginia Tech,0.2273108862256532
ETSU,Wake Forest,0.30820703291406304
ETSU,West Virginia,0.135169392740624
ETSU,Wichita St,0.15865800204615155
ETSU,Winthrop,0.5740187696291843
ETSU,Wisconsin,0.16673369355866463
ETSU,Xavier,0.20715804010619043
FL Gulf Coast,Florida,0.15346360519483215
FL Gulf Coast,Florida St,0.1490239837870515
FL Gulf Coast,Gonzaga,0.09230705289285335
FL Gulf Coast,Iona,0.4671688340761986
FL Gulf Coast,Iowa St,0.11519549328975742
FL Gulf Coast,Jacksonville St,0.7111863982246771
FL Gulf Coast,Kansas,0.06869246944681662
FL Gulf Coast,Kansas St,0.22130809347514624
FL Gulf Coast,Kent,0.4390159657779884
FL Gulf Coast,Kentucky,0.08359402763913726
FL Gulf Coast,Louisville,0.1097705471598116
FL Gulf Coast,Marquette,0.2055536374399206
FL Gulf Coast,Maryland,0.145303394268664
FL Gulf Coast,Miami FL,0.14166023125458682
FL Gulf Coast,Michigan,0.13927405675602567
FL Gulf Coast,Michigan St,0.1765794586905305
FL Gulf Coast,Minnesota,0.2170799948027352
FL Gulf Coast,Mt St Mary's,0.7009326808542284
FL Gulf Coast,MTSU,0.24698250908496244
FL Gulf Coast,N Kentucky,0.5350027931183712
FL Gulf Coast,NC Central,0.7232108801835972
FL Gulf Coast,Nevada,0.2316944962380204
FL Gulf Coast,New Mexico St,0.37473179380601673
FL Gulf Coast,New Orleans,0.7281288707679876
FL Gulf Coast,North Carolina,0.08904809156728866
FL Gulf Coast,North Dakota,0.6074724215363431
FL Gulf Coast,Northwestern,0.20879990443876284
FL Gulf Coast,Notre Dame,0.11469283716770473
FL Gulf Coast,Oklahoma St,0.20394459176721091
FL Gulf Coast,Oregon,0.08985296533363663
FL Gulf Coast,Princeton,0.32208712960492614
FL Gulf Coast,Providence,0.16950971481078403
FL Gulf Coast,Purdue,0.11722531595833585
FL Gulf Coast,Rhode Island,0.22130809347514624
FL Gulf Coast,S Dakota St,0.4819523419020654
FL Gulf Coast,Seton Hall,0.14166023125458682
FL Gulf Coast,SMU,0.10319103846413735
FL Gulf Coast,South Carolina,0.22645918432382273
FL Gulf Coast,St Mary's CA,0.15801093008325717
FL Gulf Coast,Troy,0.6319195987243612
FL Gulf Coast,TX Southern,0.6656755537785592
FL Gulf Coast,UC Davis,0.5643472648720078
FL Gulf Coast,UCLA,0.11825181272358543
FL Gulf Coast,UNC Wilmington,0.30507367775730143
FL Gulf Coast,USC,0.2112592669759581
FL Gulf Coast,VA Commonwealth,0.1914096872463038
FL Gulf Coast,Vanderbilt,0.2071720740840044
FL Gulf Coast,Vermont,0.36322820624080066
FL Gulf Coast,Villanova,0.06350968296939774
FL Gulf Coast,Virginia,0.11620655546278225
FL Gulf Coast,Virginia Tech,0.18912599411418518
FL Gulf Coast,Wake Forest,0.2610234221855421
FL Gulf Coast,West Virginia,0.1102543173153675
FL Gulf Coast,Wichita St,0.1300645245608174
FL Gulf Coast,Winthrop,0.5165254078929391
FL Gulf Coast,Wisconsin,0.136921664171769
FL Gulf Coast,Xavier,0.17160667011876307
Florida,Florida St,0.4904355986694421
Florida,Gonzaga,0.35852514439599825
Florida,Iona,0.8281397855771724
Florida,Iowa St,0.4170922104141024
Florida,Jacksonville St,0.9311934096848348
Florida,Kansas,0.2884476141194565
Florida,Kansas St,0.6096770135784728
Florida,Kent,0.8113579084212057
Florida,Kentucky,0.3339278657592074
Florida,Louisville,0.40394057933144156
Florida,Marquette,0.5871209009480549
Florida,Maryland,0.48302946774923927
Florida,Miami FL,0.47563078469500486
Florida,Michigan,0.47070406475764737
Florida,Michigan St,0.5409873991913979
Florida,Minnesota,0.6037822805314528
Florida,Mt St Mary's,0.9279593622512153
Florida,MTSU,0.6431915459031704
Florida,N Kentucky,0.8634511600726869
Florida,NC Central,0.9348966117005738
Florida,Nevada,0.6236915180719289
Florida,New Mexico St,0.7671064827704204
Florida,New Orleans,0.936384218327585
Florida,North Carolina,0.3494860461344871
Florida,North Dakota,0.8947978786321868
Florida,Northwestern,0.591903491043766
Florida,Notre Dame,0.41589142010536584
Florida,Oklahoma St,0.5847233660081208
Florida,Oregon,0.35173599860382
Florida,Princeton,0.7230853126130212
Florida,Providence,0.5286955380996573
Florida,Purdue,0.4219050786557971
Florida,Rhode Island,0.6096770135784728
Florida,S Dakota St,0.8364150324761881
Florida,Seton Hall,0.47563078469500486
Florida,SMU,0.3874019000147465
Florida,South Carolina,0.6167085086769364
Florida,St Mary's CA,0.5077272821531726
Florida,Troy,0.904172909538557
Florida,TX Southern,0.9162693208491242
Florida,UC Davis,0.8768398417796777
Florida,UCLA,0.4243171471978807
Florida,UNC Wilmington,0.7069800805133826
Florida,USC,0.5954790986762368
Florida,VA Commonwealth,0.5654075560786217
Florida,Vanderbilt,0.5895143112672769
Florida,Vermont,0.758162985716694
Florida,Villanova,0.27151841451168857
Florida,Virginia,0.41949673015582833
Florida,Virginia Tech,0.5617617603468648
Florida,Wake Forest,0.6600143871491109
Florida,West Virginia,0.4051307968110808
Florida,Wichita St,0.45106366935711206
Florida,Winthrop,0.854475096814168
Florida,Wisconsin,0.46578304651166325
Florida,Xavier,0.5323874370335977
Florida St,Gonzaga,0.36651497380039577
Florida St,Iona,0.8330048548498294
Florida St,Iowa St,0.4255214314812562
Florida St,Jacksonville St,0.9333759022244986
Florida St,Kansas,0.2955953858817315
Florida St,Kansas St,0.6178727755076416
Florida St,Kent,0.8165928315994606
Florida St,Kentucky,0.3416614968362175
Florida St,Louisville,0.41229200492453033
Florida St,Marquette,0.5954760332582782
Florida St,Maryland,0.49166726952406326
Florida St,Miami FL,0.48426021497528504
Florida St,Michigan,0.47932581675683494
Florida St,Michigan St,0.5495598650231361
Florida St,Minnesota,0.6120230510443218
Florida St,Mt St Mary's,0.9302367510944249
Florida St,MTSU,0.6510863226763526
Florida St,N Kentucky,0.867476586778518
Florida St,NC Central,0.9369695922895176
Florida St,Nevada,0.6317707423378228
Florida St,New Mexico St,0.773226182277544
Florida St,New Orleans,0.9384129518607118
Florida St,North Carolina,0.35738666492296
Florida St,North Dakota,0.8980083664536258
Florida St,Northwestern,0.6002277405588461
Florida St,Notre Dame,0.4243140386673363
Florida St,Oklahoma St,0.593093390456814
Florida St,Oregon,0.3596593591444639
Florida St,Princeton,0.7299545409419752
Florida St,Providence,0.5373012247483802
Florida St,Purdue,0.43035975431240725
Florida St,Rhode Island,0.6178727755076416
Florida St,S Dakota St,0.8410907947077289
Florida St,Seton Hall,0.48426021497528504
Florida St,SMU,0.39563835210170806
Florida St,South Carolina,0.6248474767620729
Florida St,St Mary's CA,0.5163656007351928
Florida St,Troy,0.9071269914835886
Florida St,TX Southern,0.9188839580145016
Florida St,UC Davis,0.880525186931281
Florida St,UCLA,0.43278397270758995
Florida St,UNC Wilmington,0.7140908526372951
Florida St,USC,0.6037792361679128
Florida St,VA Commonwealth,0.5738831826918476
Florida St,Vanderbilt,0.597854184324015
Florida St,Vermont,0.7644455286304417
Florida St,Villanova,0.2784108202386628
Florida St,Virginia,0.42793887020987487
Florida St,Virginia Tech,0.5702544469430857
Florida St,Wake Forest,0.6677292298203621
Florida St,West Virginia,0.4134897595776119
Florida St,Wichita St,0.45963807687491454
Florida St,Winthrop,0.8587218397599456
Florida St,Wisconsin,0.47439544918742793
Florida St,Xavier,0.5409842391435022
Gonzaga,Iona,0.8957046242304607
Gonzaga,Iowa St,0.5604925952221606
Gonzaga,Jacksonville St,0.9601914362714601
Gonzaga,Kansas,0.4194449342640084
Gonzaga,Kansas St,0.735719504025246
Gonzaga,Kent,0.8846009889409389
Gonzaga,Kentucky,0.47188223999703816
Gonzaga,Louisville,0.5470629127374779
Gonzaga,Marquette,0.7170669877525342
Gonzaga,Maryland,0.6248005987636662
Gonzaga,Miami FL,0.6178255590282302
Gonzaga,Michigan,0.6131482093105135
Gonzaga,Michigan St,0.6774770702241781
Gonzaga,Minnesota,0.7308880746028737
Gonzaga,Mt St Mary's,0.9582592592023229
Gonzaga,MTSU,0.7626252476902637
Gonzaga,N Kentucky,0.9184999437153759
Gonzaga,NC Central,0.962396974241925
Gonzaga,Nevada,0.747085811042451
Gonzaga,New Mexico St,0.8544486460041615
Gonzaga,New Orleans,0.963280880399559
Gonzaga,North Carolina,0.48914771366088505
Gonzaga,North Dakota,0.9381151639548663
Gonzaga,Northwestern,0.7210594799365879
Gonzaga,Notre Dame,0.5592750670774164
Gonzaga,Oklahoma St,0.7150578191582463
Gonzaga,Oregon,0.4916172896712149
Gonzaga,Princeton,0.8231302539199229
Gonzaga,Providence,0.666587637853685
Gonzaga,Purdue,0.5653552900715981
Gonzaga,Rhode Island,0.735719504025246
Gonzaga,S Dakota St,0.901115020354903
Gonzaga,Seton Hall,0.6178255590282302
Gonzaga,SMU,0.529873554933818
Gonzaga,South Carolina,0.7414433335152386
Gonzaga,St Mary's CA,0.6476658167618036
Gonzaga,Troy,0.9438721361286118
Gonzaga,TX Southern,0.9512275656630471
Gonzaga,UC Davis,0.9269477253417615
Gonzaga,UCLA,0.5677819891111751
Gonzaga,UNC Wilmington,0.8113253510493044
Gonzaga,USC,0.7240310725129405
Gonzaga,VA Commonwealth,0.6986802651708491
Gonzaga,Vanderbilt,0.7190675553254062
Gonzaga,Vermont,0.8481954852020974
Gonzaga,Villanova,0.39914011827490026
Gonzaga,Virginia,0.5629254545147373
Gonzaga,Virginia Tech,0.6955504822190348
Gonzaga,Wake Forest,0.7757800381060281
Gonzaga,West Virginia,0.5482869292740542
Gonzaga,Wichita St,0.5942370498406628
Gonzaga,Winthrop,0.9127769790210055
Gonzaga,Wisconsin,0.6084498938806746
Gonzaga,Xavier,0.6698738468064951
Iona,Iowa St,0.12894517341233958
Iona,Jacksonville St,0.7368328201469012
Iona,Kansas,0.0773769737127965
Iona,Kansas St,0.24422732732046493
Iona,Kent,0.4708485515660563
Iona,Kentucky,0.09397237741116893
Iona,Louisville,0.1229626950066387
Iona,Marquette,0.22731759174601784
Iona,Maryland,0.1619888160149242
Iona,Miami FL,0.15800464163412764
Iona,Michigan,0.15539299819873775
Iona,Michigan St,0.19603262155394152
Iona,Minnesota,0.2396961414414599
Iona,Mt St Mary's,0.7271402863513421
Iona,MTSU,0.27163313730907723
Iona,N Kentucky,0.5667636732437178
Iona,NC Central,0.7481676348497903
Iona,Nevada,0.2553366644593913
Iona,New Mexico St,0.40527056712813014
Iona,New Orleans,0.7527937664751465
Iona,North Carolina,0.10002966137800728
Iona,North Dakota,0.6376360232592796
Iona,Northwestern,0.23080771452794702
Iona,Notre Dame,0.12839122643969592
Iona,Oklahoma St,0.22558655679036987
Iona,Oregon,0.10092279694027173
Iona,Princeton,0.3507422430639049
Iona,Providence,0.18836219424135103
Iona,Purdue,0.13118135446110135
Iona,Rhode Island,0.24422732732046493
Iona,S Dakota St,0.5140454211010863
Iona,Seton Hall,0.15800464163412764
Iona,SMU,0.11569522850908553
Iona,South Carolina,0.24974078787840548
Iona,St Mary's CA,0.1758553400625138
Iona,Troy,0.6612521592176088
Iona,TX Southern,0.6936223072484072
Iona,UC Davis,0.5956187862434823
Iona,UCLA,0.13231174217537778
Iona,UNC Wilmington,0.332958581723259
Iona,USC,0.23344981240944673
Iona,VA Commonwealth,0.21207585438388732
Iona,Vanderbilt,0.2290579808713632
Iona,Vermont,0.3934193610158806
Iona,Villanova,0.07158931697308668
Iona,Virginia,0.13005917651284427
Iona,Virginia Tech,0.2096095118989335
Iona,Wake Forest,0.2865421723869611
Iona,West Virginia,0.12349653900269952
Iona,Wichita St,0.14529752427751175
Iona,Winthrop,0.5484832309629613
Iona,Wisconsin,0.15281668772575085
Iona,Xavier,0.19063883282671212
Iowa St,Jacksonville St,0.94960202635426
Iowa St,Kansas,0.3607729233715804
Iowa St,Kansas St,0.6850071428287257
Iowa St,Kent,0.856900582347827
Iowa St,Kentucky,0.41106888100011874
Iowa St,Louisville,0.4854670855376295
Iowa St,Marquette,0.6644080462188539
Iowa St,Maryland,0.5653776261499077
Iowa St,Miami FL,0.5580792435180508
Iowa St,Michigan,0.553199478584739
Iowa St,Michigan St,0.6213407367927776
Iowa St,Minnesota,0.6796522948725827
Iowa St,Mt St Mary's,0.9471841455595565
Iowa St,MTSU,0.7150763392468207
Iowa St,N Kentucky,0.8979983756901754
Iowa St,NC Central,0.9523651502031587
Iowa St,Nevada,0.6976582110317687
Iowa St,New Mexico St,0.8209752383152861
Iowa St,New Orleans,0.9534734668057803
Iowa St,North Carolina,0.42791216748060257
Iowa St,North Dakota,0.9221295325578008
Iowa St,Northwestern,0.6688004011303297
Iowa St,Notre Dame,0.49781548021696587
Iowa St,Oklahoma St,0.662201093491241
Iowa St,Oregon,0.4303330141581625
Iowa St,Princeton,0.7842728013983407
Iowa St,Providence,0.609648027584718
Iowa St,Purdue,0.5039916192319707
Iowa St,Rhode Island,0.6850071428287257
Iowa St,S Dakota St,0.8768266874448792
Iowa St,Seton Hall,0.5580792435180508
Iowa St,SMU,0.4682124556498328
Iowa St,South Carolina,0.6913685609615503
Iowa St,St Mary's CA,0.5894848361493406
Iowa St,Troy,0.9292614684612195
Iowa St,TX Southern,0.9384066475292046
Iowa St,UC Davis,0.908359198181304
Iowa St,UCLA,0.5064618393284364
Iowa St,UNC Wilmington,0.7705972087889946
Iowa St,USC,0.672075529588653
Iowa St,VA Commonwealth,0.6442967661114056
Iowa St,Vanderbilt,0.6666078394655407
Iowa St,Vermont,0.8135977213240042
Iowa St,Villanova,0.341636962591928
Iowa St,Virginia,0.5015212042532321
Iowa St,Virginia Tech,0.6408924416034889
Iowa St,Wake Forest,0.7299330389607688
Iowa St,West Virginia,0.48670137563562377
Iowa St,Wichita St,0.5335869891783067
Iowa St,Winthrop,0.8910066159480606
Iowa St,Wisconsin,0.5483094416995812
Iowa St,Xavier,0.613169769831664
Jacksonville St,Kansas,0.029005974681632907
Jacksonville St,Kansas St,0.10322183018672648
Jacksonville St,Kent,0.24066718291108646
Jacksonville St,Kentucky,0.03562763446977035
Jacksonville St,Louisville,0.04756360296321538
Jacksonville St,Marquette,0.09484974248286249
Jacksonville St,Maryland,0.0644170691456194
Jacksonville St,Miami FL,0.06265328744711418
Jacksonville St,Michigan,0.0615025763306799
Jacksonville St,Michigan St,0.0799104326513248
Jacksonville St,Minnesota,0.10095727811419164
Jacksonville St,Mt St Mary's,0.48697160932215056
Jacksonville St,MTSU,0.11725974788440285
Jacksonville St,N Kentucky,0.3178591184773497
Jacksonville St,NC Central,0.5141403338994093
Jacksonville St,Nevada,0.10884085232377738
Jacksonville St,New Mexico St,0.19531478108367717
Jacksonville St,New Orleans,0.5203091631376995
Jacksonville St,North Carolina,0.038082199107904
Jacksonville St,North Dakota,0.3852866316598972
Jacksonville St,Northwestern,0.09656018357800811
Jacksonville St,Notre Dame,0.04985264148326729
Jacksonville St,Oklahoma St,0.09400473220069983
Jacksonville St,Oregon,0.038445852265240776
Jacksonville St,Princeton,0.16137061648056295
Jacksonville St,Providence,0.07635216311564252
Jacksonville St,Purdue,0.0510359488986416
Jacksonville St,Rhode Island,0.10322183018672648
Jacksonville St,S Dakota St,0.2736681974926115
Jacksonville St,Seton Hall,0.06265328744711418
Jacksonville St,SMU,0.04452620833139109
Jacksonville St,South Carolina,0.10599852703965484
Jacksonville St,St Mary's CA,0.07063529177527217
Jacksonville St,Troy,0.41013489855592367
Jacksonville St,TX Southern,0.4464120983188288
Jacksonville St,UC Davis,0.3441071868362966
Jacksonville St,UCLA,0.051516674766088455
Jacksonville St,UNC Wilmington,0.15095620206909777
Jacksonville St,USC,0.09786104043134036
Jacksonville St,VA Commonwealth,0.08748439101043426
Jacksonville St,Vanderbilt,0.09570154622177873
Jacksonville St,Vermont,0.18766588525406802
Jacksonville St,Villanova,0.026731552909833867
Jacksonville St,Virginia,0.050559469783880706
Jacksonville St,Virginia Tech,0.08630827349159831
Jacksonville St,Wake Forest,0.12515162339854846
Jacksonville St,West Virginia,0.04778793731353681
Jacksonville St,Wichita St,0.05709457470109691
Jacksonville St,Winthrop,0.3020103894129821
Jacksonville St,Wisconsin,0.06037163835887105
Jacksonville St,Xavier,0.07740410283204568
Kansas,Kansas St,0.7932919837937384
Kansas,Kent,0.9135512001438002
Kansas,Kentucky,0.551926194339782
Kansas,Louisville,0.624772897028331
Kansas,Marquette,0.7774738339191458
Kansas,Maryland,0.6965707990077866
Kansas,Miami FL,0.6902685704191684
Kansas,Michigan,0.6860272665010065
Kansas,Michigan St,0.7433106894970339
Kansas,Minnesota,0.7892115119891954
Kansas,Mt St Mary's,0.9693706073801039
Kansas,MTSU,0.8158038648545907
Kansas,N Kentucky,0.9395272700943329
Kansas,NC Central,0.9724385464266317
Kansas,Nevada,0.8028457189148404
Kansas,New Mexico St,0.8900227623077016
Kansas,New Orleans,0.9730930121394563
Kansas,North Carolina,0.5689651478139164
Kansas,North Dakota,0.9543333053393601
Kansas,Northwestern,0.7808744032436581
Kansas,Notre Dame,0.6362828449176847
Kansas,Oklahoma St,0.7757594827962991
Kansas,Oregon,0.5713869720972116
Kansas,Princeton,0.8651508438238891
Kansas,Providence,0.7337705342521301
Kansas,Purdue,0.6419807633407478
Kansas,Rhode Island,0.7932919837937384
Kansas,S Dakota St,0.9262676610568844
Kansas,Seton Hall,0.6902685704191684
Kansas,SMU,0.6084217415257884
Kansas,South Carolina,0.7981110651817993
Kansas,St Mary's CA,0.7170430131459432
Kansas,Troy,0.9586480539115695
Kansas,TX Southern,0.9641406981006997
Kansas,UC Davis,0.9459238121522429
Kansas,UCLA,0.6442488514584712
Kansas,UNC Wilmington,0.8556587364658473
Kansas,USC,0.7834001932458357
Kansas,VA Commonwealth,0.7617081821370475
Kansas,Vanderbilt,0.7791788093557289
Kansas,Vermont,0.8850924002837135
Kansas,Villanova,0.4780134271755089
Kansas,Virginia,0.6397063018455997
Kansas,Virginia Tech,0.7590072539023471
Kansas,Wake Forest,0.8266813744373458
Kansas,West Virginia,0.6259305058508244
Kansas,Wichita St,0.6687540902396678
Kansas,Winthrop,0.9351766445434011
Kansas,Wisconsin,0.6817546610596402
Kansas,Xavier,0.7366561693033082
Kansas St,Kent,0.7329013568556316
Kansas St,Kentucky,0.24233180924458497
Kansas St,Louisville,0.3018429461837464
Kansas St,Marquette,0.4756720451418076
Kansas St,Maryland,0.37346674587720907
Kansas St,Miami FL,0.3665563402378249
Kansas St,Michigan,0.36197951086655655
Kansas St,Michigan St,0.4291925346769654
Kansas St,Minnesota,0.49294675335639926
Kansas St,Mt St Mary's,0.8915133121369676
Kansas St,MTSU,0.5348879167326779
Kansas St,N Kentucky,0.801355888057751
Kansas St,NC Central,0.9015879800557779
Kansas St,Nevada,0.5139418787114343
Kansas St,New Mexico St,0.6775596879094821
Kansas St,New Orleans,0.9037583356182578
Kansas St,North Carolina,0.25525786058071465
Kansas St,North Dakota,0.84438843978481
Kansas St,Northwestern,0.4806035486510154
Kansas St,Notre Dame,0.3123560761092742
Kansas St,Oklahoma St,0.4732080111255057
Kansas St,Oregon,0.2571409768066326
Kansas St,Princeton,0.6248892388254426
Kansas St,Providence,0.41713243234607866
Kansas St,Purdue,0.31768688761760866
Kansas St,Rhode Island,0.4991225240683387
Kansas St,S Dakota St,0.7653660784147628
Kansas St,Seton Hall,0.3665563402378249
Kansas St,SMU,0.2874684434028919
Kansas St,South Carolina,0.506533636508176
Kansas St,St Mary's CA,0.39686303672736545
Kansas St,Troy,0.8575404824301216
Kansas St,TX Southern,0.874707684100255
Kansas St,UC Davis,0.819560706493223
Kansas St,UCLA,0.31983277333654814
Kansas St,UNC Wilmington,0.6061833918928575
Kansas St,USC,0.48430471091251504
Kansas St,VA Commonwealth,0.45355266463703403
Kansas St,Vanderbilt,0.4781372641821674
Kansas St,Vermont,0.6666716725370487
Kansas St,Villanova,0.19210390499015417
Kansas St,Virginia,0.3155487200487822
Kansas St,Virginia Tech,0.44988149518951637
Kansas St,Wake Forest,0.553270473872213
Kansas St,West Virginia,0.3028851980699727
Kansas St,Wichita St,0.3439279043414265
Kansas St,Winthrop,0.7892940633519272
Kansas St,Wisconsin,0.3574275823981313
Kansas St,Xavier,0.4207407513237015
Kent,Kentucky,0.10410082749153138
Kent,Louisville,0.13574760303385836
Kent,Marquette,0.24788598513690496
Kent,Maryland,0.17800785074922543
Kent,Miami FL,0.17371135336133547
Kent,Michigan,0.170892787045115
Kent,Michigan St,0.2145562923836173
Kent,Minnesota,0.26100623991201455
Kent,Mt St Mary's,0.7490895798978032
Kent,MTSU,0.2946820955185573
Kent,N Kentucky,0.5944180733835861
Kent,NC Central,0.7689628921673008
Kent,Nevada,0.2775297055914716
Kent,New Mexico St,0.4329191992680652
Kent,New Orleans,0.7733227563094078
Kent,North Carolina,0.11073118230009849
Kent,North Dakota,0.6634528248128738
Kent,Northwestern,0.2515890799227848
Kent,Notre Dame,0.14164940014277394
Kent,Oklahoma St,0.2460481969067586
Kent,Oregon,0.11170800845921292
Kent,Princeton,0.3770291474080406
Kent,Providence,0.20634709288255693
Kent,Purdue,0.1446798221275768
Kent,Rhode Island,0.2657994366414379
Kent,S Dakota St,0.5423476619644574
Kent,Seton Hall,0.17371135336133547
Kent,SMU,0.12783464802683953
Kent,South Carolina,0.27162486474272973
Kent,St Mary's CA,0.19292993625323718
Kent,Troy,0.6862144099467951
Kent,TX Southern,0.717219289978289
Kent,UC Davis,0.6226576001450448
Kent,UCLA,0.14590699212911085
Kent,UNC Wilmington,0.3586489121935448
Kent,USC,0.25439039056672597
Kent,VA Commonwealth,0.23167863931189758
Kent,Vanderbilt,0.249732953442233
Kent,Vermont,0.4208315831153008
Kent,Villanova,0.07951702453875209
Kent,Virginia,0.14346123974582714
Kent,Virginia Tech,0.22905059717715925
Kent,Wake Forest,0.31031722945646834
Kent,West Virginia,0.13632832492914004
Kent,Wichita St,0.15998106966364756
Kent,Winthrop,0.5764324500090408
Kent,Wisconsin,0.16811064911119744
Kent,Xavier,0.20878518859792605
Kentucky,Louisville,0.5738244989979615
Kentucky,Marquette,0.7385838180513871
Kentucky,Maryland,0.6499084293440098
Kentucky,Miami FL,0.643133551028122
Kentucky,Michigan,0.6385847493631582
Kentucky,Michigan St,0.7007482001145184
Kentucky,Minnesota,0.7517177563931446
Kentucky,Mt St Mary's,0.9623955268325053
Kentucky,MTSU,0.7817320191217134
Kentucky,N Kentucky,0.9262729997153414
Kentucky,NC Central,0.9661377072138991
Kentucky,Nevada,0.7670613345323731
Kentucky,New Mexico St,0.8674489971251331
Kentucky,New Orleans,0.9669367036333674
Kentucky,North Carolina,0.5163056721863211
Kentucky,North Dakota,0.9441312146067178
Kentucky,Northwestern,0.7423817670172712
Kentucky,Notre Dame,0.5858613326428997
Kentucky,Oklahoma St,0.7366713339410813
Kentucky,Oregon,0.5187731222362795
Kentucky,Princeton,0.8383988501080433
Kentucky,Providence,0.6902852832113671
Kentucky,Purdue,0.591842449950112
Kentucky,Rhode Island,0.7562999152325747
Kentucky,S Dakota St,0.9103843859592562
Kentucky,Seton Hall,0.643133551028122
Kentucky,SMU,0.556828015321281
Kentucky,South Carolina,0.7617223707833525
Kentucky,St Mary's CA,0.6720466814479495
Kentucky,Troy,0.9493587418354862
Kentucky,TX Southern,0.9560286598672412
Kentucky,UC Davis,0.933972994130103
Kentucky,UCLA,0.5942274062209913
Kentucky,UNC Wilmington,0.8273993376724303
Kentucky,USC,0.7452064757391953
Kentucky,VA Commonwealth,0.7210514355513775
Kentucky,Vanderbilt,0.7404873053930408
Kentucky,Vermont,0.8616639310669211
Kentucky,Villanova,0.4254627710734117
Kentucky,Virginia,0.5894531606794912
Kentucky,Virginia Tech,0.7180602523983592
Kentucky,Wake Forest,0.794113813565728
Kentucky,West Virginia,0.5750323748153067
Kentucky,Wichita St,0.6201467099933705
Kentucky,Winthrop,0.9210489445643588
Kentucky,Wisconsin,0.6340109618900258
Kentucky,Xavier,0.6934453373883792
Louisville,Marquette,0.6764120279487464
Louisville,Maryland,0.5786776134360799
Louisville,Miami FL,0.5714332748508073
Louisville,Michigan,0.5665864494914563
Louisville,Michigan St,0.6340366937906919
Louisville,Minnesota,0.6913642939110898
Louisville,Mt St Mary's,0.9498370149246482
Louisville,MTSU,0.7260153176229012
Louisville,N Kentucky,0.9028684324292866
Louisville,NC Central,0.9547702113661352
Louisville,Nevada,0.7089937732249876
Louisville,New Mexico St,0.8288217515026728
Louisville,New Orleans,0.9558251651778015
Louisville,North Carolina,0.4412615526659738
Louisville,North Dakota,0.9259424662139727
Louisville,Northwestern,0.6807227697242489
Louisville,Notre Dame,0.5113962158697862
Louisville,Oklahoma St,0.6742453123812109
Louisville,Oregon,0.4436993480779592
Louisville,Princeton,0.793322985334748
Louisville,Providence,0.622497837093373
Louisville,Purdue,0.5175671938061465
Louisville,Rhode Island,0.6966107588234987
Louisville,S Dakota St,0.882575404134137
Louisville,Seton Hall,0.5714332748508073
Louisville,SMU,0.48176034608394014
Louisville,South Carolina,0.7028394951071095
Louisville,St Mary's CA,0.6025656892158326
Louisville,Troy,0.9327506540244023
Louisville,TX Southern,0.9414731565700838
Louisville,UC Davis,0.9127826235972123
Louisville,UCLA,0.5200341909079823
Louisville,UNC Wilmington,0.7800602186529026
Louisville,USC,0.6839357176427474
Louisville,VA Commonwealth,0.6566483640057059
Louisville,Vanderbilt,0.6785712022530028
Louisville,Vermont,0.8216973586409009
Louisville,Villanova,0.3539601271309246
Louisville,Virginia,0.5150993400277624
Louisville,Virginia Tech,0.6532986412469691
Louisville,Wake Forest,0.7405086151314412
Louisville,West Virginia,0.500280961991842
Louisville,Wichita St,0.5470804807226083
Louisville,Winthrop,0.8961718965815284
Louisville,Wisconsin,0.5617268507776211
Louisville,Xavier,0.6259747733562813
Marquette,Maryland,0.3956726930688502
Marquette,Miami FL,0.38860625297378515
Marquette,Michigan,0.38392097276606063
Marquette,Michigan St,0.4523198032424852
Marquette,Minnesota,0.5164014668386382
Marquette,Mt St Mary's,0.9002618279927714
Marquette,MTSU,0.5581415642199121
Marquette,N Kentucky,0.8158732426180184
Marquette,NC Central,0.909606436375498
Marquette,Nevada,0.5373369293823749
Marquette,New Mexico St,0.6977115098569237
Marquette,New Orleans,0.9116172901403586
Marquette,North Carolina,0.2735034471322031
Marquette,North Dakota,0.8563247319757301
Marquette,Northwestern,0.5040547891524614
Marquette,Notre Dame,0.33285885971246
Marquette,Oklahoma St,0.4966434432080167
Marquette,Oregon,0.27547137850084624
Marquette,Princeton,0.6466160039626323
Marquette,Providence,0.44011090270448394
Marquette,Purdue,0.33836740172798296
Marquette,Rhode Island,0.5225682463126985
Marquette,S Dakota St,0.7817974627081246
Marquette,Seton Hall,0.38860625297378515
Marquette,SMU,0.30706710888116684
Marquette,South Carolina,0.5299591458962365
Marquette,St Mary's CA,0.4195286054325378
Marquette,Troy,0.8686248990420105
Marquette,TX Southern,0.8846360590859671
Marquette,UC Davis,0.8330248323590523
Marquette,UCLA,0.34058325035360204
Marquette,UNC Wilmington,0.6283492328901602
Marquette,USC,0.5077599975328968
Marquette,VA Commonwealth,0.4768958971383288
Marquette,Vanderbilt,0.5015843776546139
Marquette,Vermont,0.6871898146770461
Marquette,Villanova,0.20709056738208875
Marquette,Virginia,0.33615862028593313
Marquette,Virginia Tech,0.47319940063107213
Marquette,Wake Forest,0.5763330202760424
Marquette,West Virginia,0.323058380349008
Marquette,Wichita St,0.36540182665619525
Marquette,Winthrop,0.8044778452729451
Marquette,Wisconsin,0.37925714041967495
Marquette,Xavier,0.44376665812973903
Maryland,Miami FL,0.4916645433459673
Maryland,Michigan,0.4867259007274233
Maryland,Michigan St,0.5568845404951701
Maryland,Minnesota,0.6190361191917306
Maryland,Mt St Mary's,0.9321356067021436
Maryland,MTSU,0.65778810247319
Maryland,N Kentucky,0.8708465128681246
Maryland,NC Central,0.9386972663603935
Maryland,Nevada,0.6386376140197161
Maryland,New Mexico St,0.7783804978367691
Maryland,New Orleans,0.9401035922769827
Maryland,North Carolina,0.3642210736771948
Maryland,North Dakota,0.9006907841940146
Maryland,Northwestern,0.6073172208019026
Maryland,Notre Dame,0.43156877783234093
Maryland,Oklahoma St,0.6002251231950897
Maryland,Oregon,0.3665124412252809
Maryland,Princeton,0.7357562639832822
Maryland,Providence,0.5446600762360401
Maryland,Purdue,0.4376392803907746
Maryland,Rhode Island,0.6248449198406898
Maryland,S Dakota St,0.8450118049593237
Maryland,Seton Hall,0.4916645433459673
Maryland,SMU,0.4027458062964109
Maryland,South Carolina,0.6317682047953637
Maryland,St Mary's CA,0.523762293134306
Maryland,Troy,0.9095937300174693
Maryland,TX Southern,0.9210655998831406
Maryland,UC Davis,0.8836078215909661
Maryland,UCLA,0.4400728257079294
Maryland,UNC Wilmington,0.7201027096315409
Maryland,USC,0.6108465685220335
Maryland,VA Commonwealth,0.581113810671845
Maryland,Vanderbilt,0.6049580536293986
Maryland,Vermont,0.7697399871084528
Maryland,Villanova,0.28440335939129613
Maryland,Virginia,0.4352087325340255
Maryland,Virginia Tech,0.5775013177119741
Maryland,Wake Forest,0.6742712659249104
Maryland,West Virginia,0.4206946728562889
Maryland,Wichita St,0.4670068318978441
Maryland,Winthrop,0.862279045701652
Maryland,Wisconsin,0.4817898486386277
Maryland,Xavier,0.5483337548970761
Miami FL,Michigan,0.4941318086287927
Miami FL,Michigan St,0.5641845638160898
Miami FL,Minnesota,0.6259998857152371
Miami FL,Mt St Mary's,0.9339864459081775
Miami FL,MTSU,0.6644275027346253
Miami FL,N Kentucky,0.8741431781550715
Miami FL,NC Central,0.9403805978478155
Miami FL,Nevada,0.6454482951735672
Miami FL,New Mexico St,0.7834504710742313
Miami FL,New Orleans,0.9417507033070875
Miami FL,North Carolina,0.371110701346428
Miami FL,North Dakota,0.9033102494133473
Miami FL,Northwestern,0.6143617532355736
Miami FL,Notre Dame,0.438852999292765
Miami FL,Oklahoma St,0.6073146194874619
Miami FL,Oregon,0.3734199549770676
Miami FL,Princeton,0.7414774861913269
Miami FL,Providence,0.5519994759699542
Miami FL,Purdue,0.444945760340017
Miami FL,Rhode Island,0.6317656672456107
Miami FL,S Dakota St,0.848853452221634
Miami FL,Seton Hall,0.4990725304097898
Miami FL,SMU,0.4098943451275897
Miami FL,South Carolina,0.6386350967312434
Miami FL,St Mary's CA,0.5311485761779077
Miami FL,Troy,0.9120013068626068
Miami FL,TX Southern,0.9231934703293894
Miami FL,UC Davis,0.8866211608846257
Miami FL,UCLA,0.44738761205316424
Miami FL,UNC Wilmington,0.7260366528461317
Miami FL,USC,0.6178676247271314
Miami FL,VA Commonwealth,0.5883097624260738
Miami FL,Vanderbilt,0.6120178709263377
Miami FL,Vermont,0.7749504777578226
Miami FL,Villanova,0.2904729604949806
Miami FL,Virginia,0.4425065641145671
Miami FL,Virginia Tech,0.5847149786254572
Miami FL,Wake Forest,0.6807460809687187
Miami FL,West Virginia,0.42793352963043296
Miami FL,Wichita St,0.47439000962111455
Miami FL,Winthrop,0.8657606870421877
Miami FL,Wisconsin,0.48919223271461476
Miami FL,Xavier,0.5556622478141804
Michigan,Michigan St,0.5690360353949229
Michigan,Minnesota,0.6306137657133946
Michigan,Mt St Mary's,0.9351941652370352
Michigan,MTSU,0.6688181192153129
Michigan,N Kentucky,0.8763007290383846
Michigan,NC Central,0.9414786657912019
Michigan,Nevada,0.6499564095075008
Michigan,New Mexico St,0.7867835348161275
Michigan,New Orleans,0.9428250709538794
Michigan,North Carolina,0.37573328724345645
Michigan,North Dakota,0.9050221192783048
Michigan,Northwestern,0.6190318318868058
Michigan,Notre Dame,0.4437240281904311
Michigan,Oklahoma St,0.6120161442147167
Michigan,Oregon,0.378054013625183
Michigan,Princeton,0.7452465148273268
Michigan,Providence,0.556880054424054
Michigan,Purdue,0.4498302045205206
Michigan,Rhode Island,0.6363497374526176
Michigan,S Dakota St,0.851370828356403
Michigan,Seton Hall,0.5040116154796757
Michigan,SMU,0.41468147850568315
Michigan,South Carolina,0.6431819499186091
Michigan,St Mary's CA,0.5360653940830723
Michigan,Troy,0.9135740256654322
Michigan,TX Southern,0.9245827031039885
Michigan,UC Davis,0.8885920652432835
Michigan,UCLA,0.45227701974258616
Michigan,UNC Wilmington,0.7299488071857849
Michigan,USC,0.6225213333297135
Michigan,VA Commonwealth,0.5930863706909294
Michigan,Vanderbilt,0.6166986249050104
Michigan,Vermont,0.778377361766681
Michigan,Villanova,0.29456157492502133
Michigan,Virginia,0.44738581422559043
Michigan,Virginia Tech,0.589504193015648
Michigan,Wake Forest,0.6850244022288148
Michigan,West Virginia,0.43277683230929576
Michigan,Wichita St,0.4793185573651786
Michigan,Winthrop,0.8680402452954527
Michigan,Wisconsin,0.4941299909221366
Michigan,Xavier,0.5605346914401801
Michigan St,Minnesota,0.5629929942704655
Michigan St,Mt St Mary's,0.9158942298219386
Michigan St,MTSU,0.6037970673256862
Michigan St,N Kentucky,0.8424170385588452
Michigan St,NC Central,0.9238980257644118
Michigan St,Nevada,0.583538106478025
Michigan St,New Mexico St,0.7357728755815507
Michigan St,New Orleans,0.9256169536252723
Michigan St,North Carolina,0.3123338192633047
Michigan St,North Dakota,0.8779096712985887
Michigan St,Northwestern,0.5508011164519107
Michigan St,Notre Dame,0.37575759326838276
Michigan St,Oklahoma St,0.5434556153651011
Michigan St,Oregon,0.3144602110004111
Michigan St,Princeton,0.6882361235744201
Michigan St,Providence,0.486747246692687
Michigan St,Purdue,0.38157002609589064
Michigan St,Rhode Island,0.5690614472352147
Michigan St,S Dakota St,0.8121224258985815
Michigan St,Seton Hall,0.4340156068229405
Michigan St,SMU,0.3483776025823365
Michigan St,South Carolina,0.5763161521185554
Michigan St,St Mary's CA,0.4657984268121338
Michigan St,Troy,0.8886023231693176
Michigan St,TX Southern,0.9024521847345325
Michigan St,UC Davis,0.8575278228096019
Michigan St,UCLA,0.38390463314362633
Michigan St,UNC Wilmington,0.6710261942876146
Michigan St,USC,0.5544657779736872
Michigan St,VA Commonwealth,0.5237836058418093
Michigan St,Vanderbilt,0.548354916195987
Michigan St,Vermont,0.7260558175035994
Michigan St,Villanova,0.23960173140608354
Michigan St,Virginia,0.37924087710318033
Michigan St,Virginia Tech,0.5200850117773486
Michigan St,Wake Forest,0.6213839357985229
Michigan St,West Virginia,0.36538580775468954
Michigan St,Wichita St,0.4099176509795851
Michigan St,Winthrop,0.832326795819849
Michigan St,Wisconsin,0.4243322458599815
Michigan St,Xavier,0.49045104566000264
Minnesota,Mt St Mary's,0.8938788378736426
Minnesota,MTSU,0.5410262223678595
Minnesota,N Kentucky,0.8052578518609151
Minnesota,NC Central,0.9037575449930076
Minnesota,Nevada,0.5201086070397521
Minnesota,New Mexico St,0.6829312286838425
Minnesota,New Orleans,0.9058850481399213
Minnesota,North Carolina,0.25998088196937263
Minnesota,North Dakota,0.847605864410497
Minnesota,Northwestern,0.4867708635616469
Minnesota,Notre Dame,0.31768491730138637
Minnesota,Oklahoma St,0.47936801214360414
Minnesota,Oregon,0.2618865888705668
Minnesota,Princeton,0.630659923295497
Minnesota,Providence,0.4231488169780534
Minnesota,Purdue,0.3230639463830751
Minnesota,Rhode Island,0.5052962903378306
Minnesota,S Dakota St,0.7697718848785926
Minnesota,Seton Hall,0.37230920734406514
Minnesota,SMU,0.29255333534756267
Minnesota,South Carolina,0.5127052380787638
Minnesota,St Mary's CA,0.40278909919569605
Minnesota,Troy,0.8605308908431335
Minnesota,TX Southern,0.8773892552217514
Minnesota,UC Davis,0.8231839756517239
Minnesota,UCLA,0.3252288402186029
Minnesota,UNC Wilmington,0.6120631961001564
Minnesota,USC,0.49047467050435567
Minnesota,VA Commonwealth,0.4596800692355718
Minnesota,Vanderbilt,0.4843024407056057
Minnesota,Vermont,0.6721368275727335
Minnesota,Villanova,0.19596587168514168
Minnesota,Virginia,0.320906609813434
Minnesota,Virginia Tech,0.45600069065275184
Minnesota,Wake Forest,0.5593660297585654
Minnesota,West Virginia,0.3081248642771355
Minnesota,Wichita St,0.34952159115495607
Minnesota,Winthrop,0.7933718653941026
Minnesota,Wisconsin,0.36311930851411667
Minnesota,Xavier,0.4267710736140724
Mt St Mary's,MTSU,0.12246971114787275
Mt St Mary's,N Kentucky,0.32866346602991825
Mt St Mary's,NC Central,0.5264672733809951
Mt St Mary's,Nevada,0.11372494671328104
Mt St Mary's,New Mexico St,0.20319450535491768
Mt St Mary's,New Orleans,0.5326218675220513
Mt St Mary's,North Carolina,0.03993337200255276
Mt St Mary's,North Dakota,0.3970488611800692
Mt St Mary's,Northwestern,0.10095562805906699
Mt St Mary's,Notre Dame,0.05224489881768768
Mt St Mary's,Oklahoma St,0.09829650830487913
Mt St Mary's,Oregon,0.04031396146385047
Mt St Mary's,Princeton,0.1681670980231702
Mt St Mary's,Providence,0.07990909601298934
Mt St Mary's,Purdue,0.05348179291083599
Mt St Mary's,Rhode Island,0.1078843031389235
Mt St Mary's,S Dakota St,0.28359493569464267
Mt St Mary's,Seton Hall,0.06561738302400233
Mt St Mary's,SMU,0.04667542446540007
Mt St Mary's,South Carolina,0.11077092961954671
Mt St Mary's,St Mary's CA,0.07394722118838848
Mt St Mary's,Troy,0.4221347777148299
Mt St Mary's,TX Southern,0.4586480912607269
Mt St Mary's,UC Davis,0.3553389710104352
Mt St Mary's,UCLA,0.05398424646688493
Mt St Mary's,UNC Wilmington,0.15739638006630874
Mt St Mary's,USC,0.10230899447965658
Mt St Mary's,VA Commonwealth,0.09150854885607862
Mt St Mary's,Vanderbilt,0.10006223428759997
Mt St Mary's,Vermont,0.195311923872301
Mt St Mary's,Villanova,0.02804705946427377
Mt St Mary's,Virginia,0.0529837539761161
Mt St Mary's,Virginia Tech,0.0902836841920931
Mt St Mary's,Wake Forest,0.13066032915151593
Mt St Mary's,West Virginia,0.05008633940402818
Mt St Mary's,Wichita St,0.059812471222405184
Mt St Mary's,Winthrop,0.3125228347426844
Mt St Mary's,Wisconsin,0.06323507233449244
Mt St Mary's,Xavier,0.08100574338653821
MTSU,N Kentucky,0.7775688049791006
MTSU,NC Central,0.8881278181698756
MTSU,Nevada,0.47815041918719503
MTSU,New Mexico St,0.6455061212216755
MTSU,New Orleans,0.8905589875985572
MTSU,North Carolina,0.22899410140337406
MTSU,North Dakota,0.8246266672474509
MTSU,Northwestern,0.445008169304724
MTSU,Notre Dame,0.28244549031679567
MTSU,Oklahoma St,0.43769878808209484
MTSU,Oregon,0.2307434931439093
MTSU,Princeton,0.5907621792111682
MTSU,Providence,0.3827735902020384
MTSU,Purdue,0.2874792423343726
MTSU,Rhode Island,0.46337921811905813
MTSU,S Dakota St,0.7386747186761241
MTSU,Seton Hall,0.33397638953044695
MTSU,SMU,0.25904327247605874
MTSU,South Carolina,0.470758416587315
MTSU,St Mary's CA,0.3631336031684389
MTSU,Troy,0.8391307378519945
MTSU,TX Southern,0.8581494495960184
MTSU,UC Davis,0.7974024617993156
MTSU,UCLA,0.28950766048948384
MTSU,UNC Wilmington,0.5715214247123113
MTSU,USC,0.44867200523078543
MTSU,VA Commonwealth,0.41834706820947987
MTSU,Vanderbilt,0.44256890374513436
MTSU,Vermont,0.6341202117374274
MTSU,Villanova,0.1708474571199754
MTSU,Virginia,0.28545932612213476
MTSU,Virginia Tech,0.41474457950165455
MTSU,Wake Forest,0.5176570710309374
MTSU,West Virginia,0.27352078636287447
MTSU,Wichita St,0.3123674000999632
MTSU,Winthrop,0.7644871004221128
MTSU,Wisconsin,0.3252424050004047
MTSU,Xavier,0.38628166666300146
N Kentucky,NC Central,0.6936435552512381
N Kentucky,Nevada,0.2071807336972602
N Kentucky,New Mexico St,0.3418173090603096
N Kentucky,New Orleans,0.6988681510512109
N Kentucky,North Carolina,0.07809259718200001
N Kentucky,North Dakota,0.5728439615021186
N Kentucky,Northwestern,0.18612163764918566
N Kentucky,Notre Dame,0.10093186991965253
N Kentucky,Oklahoma St,0.18167258468223957
N Kentucky,Oregon,0.07880701468588258
N Kentucky,Princeton,0.29163991895202124
N Kentucky,Providence,0.15028825914299837
N Kentucky,Purdue,0.10319591748468193
N Kentucky,Rhode Island,0.19761059273447112
N Kentucky,S Dakota St,0.44634291197355913
N Kentucky,Seton Hall,0.1251209735690939
N Kentucky,SMU,0.09066873663201591
N Kentucky,South Carolina,0.20235344278733725
N Kentucky,St Mary's CA,0.1398737658582383
N Kentucky,Troy,0.5980207010994412
N Kentucky,TX Southern,0.6330803549199708
N Kentucky,UC Davis,0.5288649539148389
N Kentucky,UCLA,0.10411405310852562
N Kentucky,UNC Wilmington,0.2755809698166154
N Kentucky,USC,0.18837748101630236
N Kentucky,VA Commonwealth,0.17021387097356888
N Kentucky,Vanderbilt,0.18462935239845335
N Kentucky,Vermont,0.3307895903028676
N Kentucky,Villanova,0.05550471123548628
N Kentucky,Virginia,0.10228495408412219
N Kentucky,Virginia Tech,0.16813048078965231
N Kentucky,Wake Forest,0.23435311224523647
N Kentucky,West Virginia,0.09696755951078628
N Kentucky,Wichita St,0.11469819045726626
N Kentucky,Winthrop,0.48073197683815927
N Kentucky,Wisconsin,0.12085774970394014
N Kentucky,Xavier,0.15219100621009995
NC Central,Nevada,0.10322384960010544
NC Central,New Mexico St,0.18616735586073963
NC Central,New Orleans,0.5055026044083981
NC Central,North Carolina,0.035969481495908284
NC Central,North Dakota,0.3713479097019553
NC Central,Northwestern,0.0915118738888544
NC Central,Notre Dame,0.04711891202385554
NC Central,Oklahoma St,0.08907685240875673
NC Central,Oregon,0.03631372158889312
NC Central,Princeton,0.15350966505700547
NC Central,Providence,0.07227583753766231
NC Central,Purdue,0.048240625836457496
NC Central,Rhode Island,0.09786296641218972
NC Central,S Dakota St,0.26204616252230495
NC Central,Seton Hall,0.059261399641299284
NC Central,SMU,0.042071627143398516
NC Central,South Carolina,0.10051166530465472
NC Central,St Mary's CA,0.06684209358926074
NC Central,Troy,0.395876151792656
NC Central,TX Southern,0.43181541956162284
NC Central,UC Davis,0.3308563982959135
NC Central,UCLA,0.04869637269498672
NC Central,UNC Wilmington,0.1435157557167499
NC Central,USC,0.0927517023407638
NC Central,VA Commonwealth,0.08286705459364507
NC Central,Vanderbilt,0.09069362091112376
NC Central,Vermont,0.1787970934419043
NC Central,Villanova,0.02523202659582069
NC Central,Virginia,0.04778893002065432
NC Central,Virginia Tech,0.08174745044468212
NC Central,Wake Forest,0.1188050819321873
NC Central,West Virginia,0.045162046830835356
NC Central,Wichita St,0.05398628904879499
NC Central,Winthrop,0.2896647409534113
NC Central,Wisconsin,0.057095749144411845
NC Central,Xavier,0.07327607127267022
Nevada,New Mexico St,0.6644769521991408
Nevada,New Orleans,0.8984782615786109
Nevada,North Carolina,0.24415485382449975
Nevada,North Dakota,0.8364406512730052
Nevada,Northwestern,0.46582963997471827
Nevada,Notre Dame,0.2997691450726552
Nevada,Oklahoma St,0.45846077415830877
Nevada,Oregon,0.24598311413786234
Nevada,Princeton,0.6108966969955305
Nevada,Providence,0.4027965334823371
Nevada,Purdue,0.3049804156428524
Nevada,Rhode Island,0.4843101594117396
Nevada,S Dakota St,0.7545554418239075
Nevada,Seton Hall,0.35290621566958613
Nevada,SMU,0.2754826266964209
Nevada,South Carolina,0.49171724954347784
Nevada,St Mary's CA,0.3827662886118327
Nevada,Troy,0.850145214765964
Nevada,TX Southern,0.8680664813746714
Nevada,UC Davis,0.8106292415615051
Nevada,UCLA,0.3070791004093696
Nevada,UNC Wilmington,0.5919487211046075
Nevada,USC,0.46951987666368866
Nevada,VA Commonwealth,0.438907618460302
Nevada,Vanderbilt,0.4633715332563868
Nevada,Vermont,0.6533731672112681
Nevada,Villanova,0.18307264631126519
Nevada,Virginia,0.30288980433698176
Nevada,Virginia Tech,0.4352605687316432
Nevada,Wake Forest,0.5385790652109528
Nevada,West Virginia,0.2905186733466518
Nevada,Wichita St,0.3306805389037012
Nevada,Winthrop,0.7792679433885598
Nevada,Wisconsin,0.3439328268371299
Nevada,Xavier,0.40636730060721316
New Mexico St,New Orleans,0.8166606180064024
New Mexico St,North Carolina,0.13984489773823783
New Mexico St,North Dakota,0.7201961366828333
New Mexico St,Northwestern,0.30503398159589046
New Mexico St,Notre Dame,0.17727171155329136
New Mexico St,Oklahoma St,0.2987859612375299
New Mexico St,Oregon,0.14103782033579237
New Mexico St,Princeton,0.44140498699067066
New Mexico St,Providence,0.2534357668112458
New Mexico St,Purdue,0.18090361336279503
New Mexico St,Rhode Island,0.32096841692686273
New Mexico St,S Dakota St,0.6074277710343567
New Mexico St,Seton Hall,0.21537354177360657
New Mexico St,SMU,0.16063295454817705
New Mexico St,South Carolina,0.32746367964899104
New Mexico St,St Mary's CA,0.23787448733960603
New Mexico St,Troy,0.7406203853001381
New Mexico St,TX Southern,0.7680664271300266
New Mexico St,UC Davis,0.6829926354388643
New Mexico St,UCLA,0.1823725204235198
New Mexico St,UNC Wilmington,0.4220123856003164
New Mexico St,USC,0.3081853268102842
New Mexico St,VA Commonwealth,0.28249044282914904
New Mexico St,Vanderbilt,0.30294316315007197
New Mexico St,Vermont,0.48684171452252856
New Mexico St,Villanova,0.1013592632276149
New Mexico St,Virginia,0.17944394092900273
New Mexico St,Virginia Tech,0.27949569129971985
New Mexico St,Wake Forest,0.37006887657074905
New Mexico St,West Virginia,0.17087887798463808
New Mexico St,Wichita St,0.19914389475314065
New Mexico St,Winthrop,0.6398839415352002
New Mexico St,Wisconsin,0.20876897202499023
New Mexico St,Xavier,0.25625059909090586
New Orleans,North Carolina,0.035122880535271794
New Orleans,North Dakota,0.36560124474743116
New Orleans,Northwestern,0.08947933048210321
New Orleans,Notre Dame,0.046022418693370315
New Orleans,Oklahoma St,0.08709320777183116
New Orleans,Oregon,0.03545931639110789
New Orleans,Princeton,0.15032796217171962
New Orleans,Providence,0.07063732060801564
New Orleans,Purdue,0.04711932014528075
New Orleans,Rhode Island,0.09570422088269648
New Orleans,S Dakota St,0.25729866683166625
New Orleans,Seton Hall,0.05789951066228549
New Orleans,SMU,0.0410875234770719
New Orleans,South Carolina,0.0983008589915868
New Orleans,St Mary's CA,0.06531808837179554
New Orleans,Troy,0.3899853805938548
New Orleans,TX Southern,0.42576676134220315
New Orleans,UC Davis,0.3254119894939581
New Orleans,UCLA,0.04756500303197053
New Orleans,UNC Wilmington,0.14050680832503148
New Orleans,USC,0.09069437053297957
New Orleans,VA Commonwealth,0.08100939752455072
New Orleans,Vanderbilt,0.08867747752048316
New Orleans,Vermont,0.1751997507679297
New Orleans,Villanova,0.02463169203577331
New Orleans,Virginia,0.04667760863387149
New Orleans,Virginia Tech,0.07991270498335035
New Orleans,Wake Forest,0.11624390245606253
New Orleans,West Virginia,0.04410898331030666
New Orleans,Wichita St,0.052738831482177395
New Orleans,Winthrop,0.2846098573728215
New Orleans,Wisconsin,0.05578067805438092
New Orleans,Xavier,0.07161662918489009
North Carolina,North Dakota,0.9403697930252632
North Carolina,Northwestern,0.728937078316529
North Carolina,Notre Dame,0.5689905606680921
North Carolina,Oklahoma St,0.7230398084426681
North Carolina,Oregon,0.5014948441144382
North Carolina,Princeton,0.828809628689303
North Carolina,Providence,0.6753108739892788
North Carolina,Purdue,0.5750385943656842
North Carolina,Rhode Island,0.7433304603637607
North Carolina,S Dakota St,0.9045805511473921
North Carolina,Seton Hall,0.6271109069378149
North Carolina,SMU,0.5397037538902341
North Carolina,South Carolina,0.7489456997178252
North Carolina,St Mary's CA,0.6566290994366091
North Carolina,Troy,0.9459291124547271
North Carolina,TX Southern,0.9530283945997209
North Carolina,UC Davis,0.929578672235286
North Carolina,UCLA,0.5774516371095031
North Carolina,UNC Wilmington,0.8172996513921699
North Carolina,USC,0.7318559579179256
North Carolina,VA Commonwealth,0.7069330024702993
North Carolina,Vanderbilt,0.7269801079905146
North Carolina,Vermont,0.8532135308748908
North Carolina,Villanova,0.40865317918570176
North Carolina,Virginia,0.5726219703085978
North Carolina,Virginia Tech,0.703852605937798
North Carolina,Wake Forest,0.7825782427124927
North Carolina,West Virginia,0.5580532386553947
North Carolina,Wichita St,0.6037279156867057
North Carolina,Winthrop,0.9158719606488994
North Carolina,Wisconsin,0.6178221250156481
North Carolina,Xavier,0.6785525655822031
North Dakota,Northwestern,0.14532348918998306
North Dakota,Notre Dame,0.07703983747297793
North Dakota,Oklahoma St,0.1416799058589816
North Dakota,Oregon,0.059803884251998785
North Dakota,Princeton,0.23437268476418938
North Dakota,Providence,0.1162231735877366
North Dakota,Purdue,0.07881493368587511
North Dakota,Rhode Island,0.1547729641074974
North Dakota,S Dakota St,0.37476970516367203
North Dakota,Seton Hall,0.09611516092333772
North Dakota,SMU,0.06901963361685959
North Dakota,South Carolina,0.1586910081111187
North Dakota,St Mary's CA,0.10786960655620592
North Dakota,Troy,0.5251972484838321
North Dakota,TX Southern,0.5619559895950079
North Dakota,UC Davis,0.4549321502771927
North Dakota,UCLA,0.07953538926346371
North Dakota,UNC Wilmington,0.22048558847330424
North Dakota,USC,0.1471742662216019
North Dakota,VA Commonwealth,0.132335745808149
North Dakota,Vanderbilt,0.14410039881429904
North Dakota,Vermont,0.26875146530705396
North Dakota,Villanova,0.041865216744906175
North Dakota,Virginia,0.07810045047945002
North Dakota,Virginia Tech,0.13064298425638032
North Dakota,Wake Forest,0.1853908075241335
North Dakota,West Virginia,0.07393676454567633
North Dakota,Wichita St,0.08786594250159274
North Dakota,Winthrop,0.4077050813566213
North Dakota,Wisconsin,0.09273548784397745
North Dakota,Xavier,0.11775440284207117
Northwestern,Notre Dame,0.3284861949817732
Northwestern,Oklahoma St,0.4917049817051601
Northwestern,Oregon,0.27154574383068597
Northwestern,Princeton,0.6420885593780173
Northwestern,Providence,0.4352485032833612
Northwestern,Purdue,0.33395859707281195
Northwestern,Rhode Island,0.5176370984128448
Northwestern,S Dakota St,0.7784084074621491
Northwestern,Seton Hall,0.38392269274156177
Northwestern,SMU,0.3028794402919198
Northwestern,South Carolina,0.5250349518756312
Northwestern,St Mary's CA,0.4147251635125735
Northwestern,Troy,0.8663538854975847
Northwestern,TX Southern,0.8826044155376516
Northwestern,UC Davis,0.830258676510743
Northwestern,UCLA,0.3361602430400604
Northwestern,UNC Wilmington,0.6237239448393006
Northwestern,USC,0.5028214185112128
Northwestern,VA Commonwealth,0.47196967989358285
Northwestern,Vanderbilt,0.496645261083277
Northwestern,Vermont,0.6829272921360595
Northwestern,Villanova,0.20386520858029455
Northwestern,Virginia,0.33176416421160926
Northwestern,Virginia Tech,0.4682771854682689
Northwestern,Wake Forest,0.5715018362462381
Northwestern,West Virginia,0.31875294809057386
Northwestern,Wichita St,0.36083287824546095
Northwestern,Winthrop,0.8013515471595832
Northwestern,Wisconsin,0.37461721713587537
Northwestern,Xavier,0.43889553048416297
Notre Dame,Oklahoma St,0.6633050542311218
Notre Dame,Oregon,0.43154424931481183
Notre Dame,Princeton,0.785107281512961
Notre Dame,Providence,0.610822799892232
Notre Dame,Purdue,0.5052263067376943
Notre Dame,Rhode Island,0.6860719045350341
Notre Dame,S Dakota St,0.8773591341036174
Notre Dame,Seton Hall,0.5592970239512591
Notre Dame,SMU,0.46944244854070627
Notre Dame,South Carolina,0.6924214746585582
Notre Dame,St Mary's CA,0.5906795481356545
Notre Dame,Troy,0.9295854553556666
Notre Dame,TX Southern,0.9386915123482381
Notre Dame,UC Davis,0.908769520099065
Notre Dame,UCLA,0.5076963842337721
Notre Dame,UNC Wilmington,0.7714691744020483
Notre Dame,USC,0.6731631472242378
Notre Dame,VA Commonwealth,0.6454279094381242
Notre Dame,Vanderbilt,0.6677046253466592
Notre Dame,Vermont,0.8143456187942659
Notre Dame,Villanova,0.34274875424232465
Notre Dame,Virginia,0.5027559740899832
Notre Dame,Virginia Tech,0.6420283959189319
Notre Dame,Wake Forest,0.7309055954301342
Notre Dame,West Virginia,0.48793537372565043
Notre Dame,Wichita St,0.5348160040398526
Notre Dame,Winthrop,0.8914853523282114
Notre Dame,Wisconsin,0.5495324134048973
Notre Dame,Xavier,0.6143406480868926
Oklahoma St,Oregon,0.2774473331668076
Oklahoma St,Princeton,0.648869959897405
Oklahoma St,Providence,0.4425464792091168
Oklahoma St,Purdue,0.3405824337775386
Oklahoma St,Rhode Island,0.5250322317755876
Oklahoma St,S Dakota St,0.7834779198209034
Oklahoma St,Seton Hall,0.39095582931837236
Oklahoma St,SMU,0.30917298876427046
Oklahoma St,South Carolina,0.5324191176672719
Oklahoma St,St Mary's CA,0.4219361170971174
Oklahoma St,Troy,0.869748074004792
Oklahoma St,TX Southern,0.8856403704195076
Oklahoma St,UC Davis,0.8343943389048782
Oklahoma St,UCLA,0.34280527229134494
Oklahoma St,UNC Wilmington,0.630653148020254
Oklahoma St,USC,0.5102287794686049
Oklahoma St,VA Commonwealth,0.47936075270124134
Oklahoma St,Vanderbilt,0.5040538802336547
Oklahoma St,Vermont,0.6893093268527724
Oklahoma St,Villanova,0.20871732541743393
Oklahoma St,Virginia,0.3383665877385018
Oklahoma St,Virginia Tech,0.4756625234707387
Oklahoma St,Wake Forest,0.5787432109495996
Oklahoma St,West Virginia,0.3252224568932799
Oklahoma St,Wichita St,0.36769548108273753
Oklahoma St,Winthrop,0.8060269701342389
Oklahoma St,Wisconsin,0.3815854699002107
Oklahoma St,Xavier,0.44620634243503254
Oregon,Princeton,0.8274034915827361
Oregon,Providence,0.6731411481096518
Oregon,Purdue,0.5726228601113026
Oregon,Rhode Island,0.7414412424396128
Oregon,S Dakota St,0.9037244916659863
Oregon,Seton Hall,0.6247980417146307
Oregon,SMU,0.5372487969977069
Oregon,South Carolina,0.7470837500341312
Oregon,St Mary's CA,0.6543984222950974
Oregon,Troy,0.9454216311837439
Oregon,TX Southern,0.9525842035892227
Oregon,UC Davis,0.9289292639282527
Oregon,UCLA,0.5750394828709412
Oregon,UNC Wilmington,0.8158199819662102
Oregon,USC,0.7299129694718496
Oregon,VA Commonwealth,0.7048822441994579
Oregon,Vanderbilt,0.725015063867266
Oregon,Vermont,0.8519720433675908
Oregon,Villanova,0.40626819187135554
Oregon,Virginia,0.570202766273116
Oregon,Virginia Tech,0.7017893851904506
Oregon,Wake Forest,0.7808927558127469
Oregon,West Virginia,0.55561556622259
Oregon,Wichita St,0.6013622106268914
Oregon,Winthrop,0.9151076956669528
Oregon,Wisconsin,0.6154869717432994
Oregon,Xavier,0.6763941216381122
Princeton,Providence,0.2998042537270531
Princeton,Purdue,0.2178744489194916
Princeton,Rhode Island,0.37351098672423166
Princeton,S Dakota St,0.6612016623138054
Princeton,Seton Hall,0.2571770940514654
Princeton,SMU,0.19444454805854383
Princeton,South Carolina,0.3804737522545023
Princeton,St Mary's CA,0.28247312454435736
Princeton,Troy,0.7826772103016173
Princeton,TX Southern,0.8068337329065136
Princeton,UC Davis,0.7309996234718387
Princeton,UCLA,0.21956308359691612
Princeton,UNC Wilmington,0.47941746732641166
Princeton,USC,0.3597439376137276
Princeton,VA Commonwealth,0.3318121271346819
Princeton,Vanderbilt,0.35407362597105463
Princeton,Vermont,0.5447538542238315
Princeton,Villanova,0.12454562006181624
Princeton,Virginia,0.2161952036772985
Princeton,Virginia Tech,0.3285339169979232
Princeton,Wake Forest,0.4256112037402784
Princeton,West Virginia,0.20631702446561118
Princeton,Wichita St,0.2387558704145113
Princeton,Winthrop,0.6914701846914235
Princeton,Wisconsin,0.24969855198953894
Princeton,Xavier,0.3029251203667608
Providence,Purdue,0.3932913860281744
Providence,Rhode Island,0.5811301841232167
Providence,S Dakota St,0.8195426934291428
Providence,Seton Hall,0.4461856780143033
Providence,SMU,0.35967233844241364
Providence,South Carolina,0.5883286957001688
Providence,St Mary's CA,0.4781068717003394
Providence,Troy,0.8933984911513588
Providence,TX Southern,0.9067146535890982
Providence,UC Davis,0.863456304224632
Providence,UCLA,0.3956518275483919
Providence,UNC Wilmington,0.6818359088322554
Providence,USC,0.5666319846778074
Providence,VA Commonwealth,0.5360866438759457
Providence,Vanderbilt,0.5605557392226272
Providence,Vermont,0.7357693412549906
Providence,Villanova,0.24871591412351957
Providence,Virginia,0.39093591735906486
Providence,Virginia Tech,0.5323982989945747
Providence,Wake Forest,0.6329325400080204
Providence,West Virginia,0.3769130108950084
Providence,Wichita St,0.42191572033762037
Providence,Winthrop,0.8391071774184491
Providence,Wisconsin,0.4364401690034365
Providence,Xavier,0.502797785814581
Purdue,Rhode Island,0.6807286963975057
Purdue,S Dakota St,0.8746769983108809
Purdue,Seton Hall,0.5532012759605713
Purdue,SMU,0.4632964937476364
Purdue,South Carolina,0.6871370558709424
Purdue,St Mary's CA,0.5846955550245241
Purdue,Troy,0.927951705368691
Purdue,TX Southern,0.9372547791913182
Purdue,UC Davis,0.9067012748589619
Purdue,UCLA,0.5015230221935285
Purdue,UNC Wilmington,0.7670860206550513
Purdue,USC,0.6677066421412337
Purdue,VA Commonwealth,0.6397561621321477
Purdue,Vanderbilt,0.6622027201305127
Purdue,Vermont,0.8105829109935917
Purdue,Villanova,0.33720726884170116
Purdue,Virginia,0.4965820899703196
Purdue,Virginia Tech,0.6363329096382304
Purdue,Wake Forest,0.7260207419302653
Purdue,West Virginia,0.4817671543545107
Purdue,Wichita St,0.5286669994898321
Purdue,Winthrop,0.8890730947458392
Purdue,Wisconsin,0.5434118625714539
Purdue,Xavier,0.6084732814421767
Rhode Island,S Dakota St,0.7653660784147628
Rhode Island,Seton Hall,0.3665563402378249
Rhode Island,SMU,0.2874684434028919
Rhode Island,South Carolina,0.506533636508176
Rhode Island,St Mary's CA,0.39686303672736545
Rhode Island,Troy,0.8575404824301216
Rhode Island,TX Southern,0.874707684100255
Rhode Island,UC Davis,0.819560706493223
Rhode Island,UCLA,0.31983277333654814
Rhode Island,UNC Wilmington,0.6061833918928575
Rhode Island,USC,0.48430471091251504
Rhode Island,VA Commonwealth,0.45355266463703403
Rhode Island,Vanderbilt,0.4781372641821674
Rhode Island,Vermont,0.6666716725370487
Rhode Island,Villanova,0.19210390499015417
Rhode Island,Virginia,0.3155487200487822
Rhode Island,Virginia Tech,0.44988149518951637
Rhode Island,Wake Forest,0.553270473872213
Rhode Island,West Virginia,0.3028851980699727
Rhode Island,Wichita St,0.3439279043414265
Rhode Island,Winthrop,0.7892940633519272
Rhode Island,Wisconsin,0.3574275823981313
Rhode Island,Xavier,0.4207407513237015
S Dakota St,Seton Hall,0.15027827669866656
S Dakota St,SMU,0.10976806004891071
S Dakota St,South Carolina,0.23880080995367836
S Dakota St,St Mary's CA,0.16742965642411667
S Dakota St,Troy,0.6478516464763114
S Dakota St,TX Southern,0.6808843494250142
S Dakota St,UC Davis,0.5812660326209776
S Dakota St,UCLA,0.12565425652989648
S Dakota St,UNC Wilmington,0.3199276955118999
S Dakota St,USC,0.22301134212666307
S Dakota St,VA Commonwealth,0.20234082558451716
S Dakota St,Vanderbilt,0.21875984454860076
S Dakota St,Vermont,0.3793679949859319
S Dakota St,Villanova,0.06774862123159886
S Dakota St,Virginia,0.12349890044248624
S Dakota St,Virginia Tech,0.19995896556852022
S Dakota St,Wake Forest,0.2745800933133178
S Dakota St,West Virginia,0.11722268218299092
S Dakota St,Wichita St,0.13809062471251576
S Dakota St,Winthrop,0.5337670553072977
S Dakota St,Wisconsin,0.14530023347973964
S Dakota St,Xavier,0.18166096330000991
Seton Hall,SMU,0.4098943451275897
Seton Hall,South Carolina,0.6386350967312434
Seton Hall,St Mary's CA,0.5311485761779077
Seton Hall,Troy,0.9120013068626068
Seton Hall,TX Southern,0.9231934703293894
Seton Hall,UC Davis,0.8866211608846257
Seton Hall,UCLA,0.44738761205316424
Seton Hall,UNC Wilmington,0.7260366528461317
Seton Hall,USC,0.6178676247271314
Seton Hall,VA Commonwealth,0.5883097624260738
Seton Hall,Vanderbilt,0.6120178709263377
Seton Hall,Vermont,0.7749504777578226
Seton Hall,Villanova,0.2904729604949806
Seton Hall,Virginia,0.4425065641145671
Seton Hall,Virginia Tech,0.5847149786254572
Seton Hall,Wake Forest,0.6807460809687187
Seton Hall,West Virginia,0.42793352963043296
Seton Hall,Wichita St,0.47439000962111455
Seton Hall,Winthrop,0.8657606870421877
Seton Hall,Wisconsin,0.48919223271461476
Seton Hall,Xavier,0.5556622478141804
SMU,South Carolina,0.7170762084275913
SMU,St Mary's CA,0.6190022489771392
SMU,Troy,0.9369604657212831
SMU,TX Southern,0.9451690371210647
SMU,UC Davis,0.9181327226590428
SMU,UCLA,0.5372628079428041
SMU,UNC Wilmington,0.7916938255751483
SMU,USC,0.6986898332725112
SMU,VA Commonwealth,0.6720655130203936
SMU,Vanderbilt,0.6934635006767824
SMU,Vermont,0.8316040287276207
SMU,Villanova,0.36992733909014497
SMU,Virginia,0.5323457992322247
SMU,Virginia Tech,0.6687903338234218
SMU,Wake Forest,0.7535733871420325
SMU,West Virginia,0.5175608388077636
SMU,Wichita St,0.5641519325437405
SMU,Winthrop,0.9024320179819504
SMU,Wisconsin,0.5786714081220631
SMU,Xavier,0.6420183682407326
South Carolina,St Mary's CA,0.3897916441651097
South Carolina,Troy,0.8538816239322832
South Carolina,TX Southern,0.8714236304254971
South Carolina,UC Davis,0.815136676834488
South Carolina,UCLA,0.31342068011112634
South Carolina,UNC Wilmington,0.5990869546346513
South Carolina,USC,0.4769072351217646
South Carolina,VA Commonwealth,0.44621847163814243
South Carolina,Vanderbilt,0.47074799909953846
South Carolina,Vermont,0.6600539563301445
South Carolina,Villanova,0.18754646592060142
South Carolina,Virginia,0.3091834726511785
South Carolina,Virginia Tech,0.44255858842948215
South Carolina,Wake Forest,0.5459347683583802
South Carolina,West Virginia,0.2966646790295876
South Carolina,Wichita St,0.3372722816386542
South Carolina,Winthrop,0.784323239965039
South Carolina,Wisconsin,0.35065034303006914
South Carolina,Xavier,0.4135356122276055
St Mary's CA,Troy,0.9011351055758583
St Mary's CA,TX Southern,0.9135783317556808
St Mary's CA,UC Davis,0.8730572064639077
St Mary's CA,UCLA,0.41589451150885215
St Mary's CA,UNC Wilmington,0.6997668133124204
St Mary's CA,USC,0.5871239857809198
St Mary's CA,VA Commonwealth,0.5568935126095653
St Mary's CA,Vanderbilt,0.5811226612082894
St Mary's CA,Vermont,0.7517672909120794
St Mary's CA,Villanova,0.26473403870697
St Mary's CA,Virginia,0.41110144964282314
St Mary's CA,Virginia Tech,0.5532327298124713
St Mary's CA,Wake Forest,0.6522137154565679
St Mary's CA,West Virginia,0.3968264845979652
St Mary's CA,Wichita St,0.4425182246272267
St Mary's CA,Winthrop,0.8501229793558922
St Mary's CA,Wisconsin,0.4571909950904476
St Mary's CA,Xavier,0.523771362382124
Troy,TX Southern,0.5362815028774377
Troy,UC Davis,0.4293546586217166
Troy,UCLA,0.07226547691484686
Troy,UNC Wilmington,0.20317596262352422
Troy,USC,0.13462608667348974
Troy,VA Commonwealth,0.12087339654108986
Troy,Vanderbilt,0.13177380419682694
Troy,Vermont,0.2488623522521024
Troy,Villanova,0.037896774534075806
Troy,Virginia,0.07095158821137693
Troy,Virginia Tech,0.11930709390889616
Troy,Wake Forest,0.17023467037655182
Troy,West Virginia,0.0671412652750426
Troy,Wichita St,0.07990067566092818
Troy,Winthrop,0.38291748526952285
Troy,Wisconsin,0.0843696160949291
Troy,Xavier,0.10739869673361369
TX Southern,UC Davis,0.3934913804936119
TX Southern,UCLA,0.06293947839786118
TX Southern,UNC Wilmington,0.18023788613196512
TX Southern,USC,0.11827835304970591
TX Southern,VA Commonwealth,0.10599111945224149
TX Southern,Vanderbilt,0.11572610724497878
TX Southern,Vermont,0.2222047352470472
TX Southern,Villanova,0.03284907696937556
TX Southern,Virginia,0.06178385746323589
TX Southern,Virginia Tech,0.10459472027706096
TX Southern,Wake Forest,0.15031403030140444
TX Southern,West Virginia,0.05843490369590765
TX Southern,Wichita St,0.06966332877614834
TX Southern,Winthrop,0.348563751442316
TX Southern,Wisconsin,0.07360548757976781
TX Southern,Xavier,0.09399807465802357
UC Davis,UCLA,0.09356471651664988
UC Davis,UNC Wilmington,0.2525555728851462
UC Davis,USC,0.17091906216716646
UC Davis,VA Commonwealth,0.1541191619793395
UC Davis,Vanderbilt,0.16744663609856347
UC Davis,Vermont,0.3050941050666972
UC Davis,Villanova,0.04960797606140954
UC Davis,Virginia,0.0919019387268023
UC Davis,Virginia Tech,0.15219663595195243
UC Davis,Wake Forest,0.21375596457945534
UC Davis,West Virginia,0.08707196242729098
UC Davis,Wichita St,0.10319995544916727
UC Davis,Winthrop,0.45124282970428864
UC Davis,Wisconsin,0.10881793129804895
UC Davis,Xavier,0.13751803710350274
UCLA,UNC Wilmington,0.7653164512935801
UCLA,USC,0.6655112704447508
UCLA,VA Commonwealth,0.6374763888984157
UCLA,Vanderbilt,0.65998950229356
UCLA,Vermont,0.8090615519968842
UCLA,Villanova,0.3350030360163043
UCLA,Virginia,0.49411272271664897
UCLA,Virginia Tech,0.6340438648398316
UCLA,Wake Forest,0.7240514138339317
UCLA,West Virginia,0.4793013163450043
UCLA,Wichita St,0.5262048541595458
UCLA,Winthrop,0.8880951206161238
UCLA,Wisconsin,0.5409598615203883
UCLA,Xavier,0.6061174231770085
UNC Wilmington,USC,0.3781403633538548
UNC Wilmington,VA Commonwealth,0.34956003125703594
UNC Wilmington,Vanderbilt,0.3723487190243836
UNC Wilmington,Vermont,0.564273067755308
UNC Wilmington,Villanova,0.13342094467671828
UNC Wilmington,Virginia,0.2298866183345185
UNC Wilmington,Virginia Tech,0.3461973251219119
UNC Wilmington,Wake Forest,0.4450346599653029
UNC Wilmington,West Virginia,0.2195580993768773
UNC Wilmington,Wichita St,0.25341409740499876
UNC Wilmington,Winthrop,0.7080698744618421
UNC Wilmington,Wisconsin,0.26479490800323147
UNC Wilmington,Xavier,0.31986757640183017
USC,VA Commonwealth,0.46827854344792963
USC,Vanderbilt,0.4929413005710893
USC,Vermont,0.679710081079843
USC,Villanova,0.20147081398240752
USC,Virginia,0.3284873980143008
USC,Virginia Tech,0.464589518592571
USC,Wake Forest,0.5678694298243605
USC,West Virginia,0.31554400840875696
USC,Wichita St,0.3574225719833547
USC,Winthrop,0.7989822512829752
USC,Wisconsin,0.3711522825801685
USC,Xavier,0.4352498438849388
VA Commonwealth,Vanderbilt,0.5237926750527769
VA Commonwealth,Vermont,0.705975840817015
VA Commonwealth,Villanova,0.22206934575037574
VA Commonwealth,Virginia,0.35627814415899484
VA Commonwealth,Virginia Tech,0.4954000942141302
VA Commonwealth,Wake Forest,0.5978808460088461
VA Commonwealth,West Virginia,0.34279871924557503
VA Commonwealth,Wichita St,0.38625322238962756
VA Commonwealth,Winthrop,0.8180847221266699
VA Commonwealth,Wisconsin,0.40040032243473045
VA Commonwealth,Xavier,0.4658074740780831
Vanderbilt,Vermont,0.6850624495562286
Vanderbilt,Villanova,0.20547319602988234
Vanderbilt,Virginia,0.333957788335967
Vanderbilt,Virginia Tech,0.47073758163724455
Vanderbilt,Wake Forest,0.5739191921102498
Vanderbilt,West Virginia,0.3209018556801171
Vanderbilt,Wichita St,0.3631142633997523
Vanderbilt,Winthrop,0.8029193736546589
Vanderbilt,Wisconsin,0.3769343584586168
Vanderbilt,Xavier,0.4413296827494171
Vermont,Villanova,0.10594754451502053
Vermont,Virginia,0.18683203892087386
Vermont,Virginia Tech,0.2895495436778944
Vermont,Wake Forest,0.3816549699815205
Vermont,West Virginia,0.17799082704085256
Vermont,Wichita St,0.20713833400372317
Vermont,Winthrop,0.6511850209582742
Vermont,Wisconsin,0.21704508285848523
Vermont,Xavier,0.2657767316914217
Villanova,Virginia,0.6588234636717637
Villanova,Virginia Tech,0.7740303573210497
Villanova,Wake Forest,0.8383840710742362
Villanova,West Virginia,0.6453734062049887
Villanova,Wichita St,0.6870839013584567
Villanova,Winthrop,0.9400845491744902
Villanova,Wisconsin,0.6996881276896945
Villanova,Xavier,0.7526184784696277
Virginia,Virginia Tech,0.6386157972666996
Virginia,Wake Forest,0.7279812958082679
Virginia,West Virginia,0.4842338807625941
Virginia,Wichita St,0.5311277507533159
Virginia,Winthrop,0.8900435802305893
Virginia,Wisconsin,0.5458617615219001
Virginia,Xavier,0.6108240963765321
Virginia Tech,Wake Forest,0.6014380393181645
Virginia Tech,West Virginia,0.34614465692302876
Virginia Tech,Wichita St,0.38977175355313265
Virginia Tech,Winthrop,0.8202795115177899
Virginia Tech,Wisconsin,0.4039629029567864
Virginia Tech,Xavier,0.46949633111413624
Wake Forest,West Virginia,0.25904850658692213
Wake Forest,Wichita St,0.29667909359682043
Wake Forest,Winthrop,0.7508876202609973
Wake Forest,Wisconsin,0.309198228083974
Wake Forest,Xavier,0.36887249780623754
West Virginia,Wichita St,0.545856353529594
West Virginia,Winthrop,0.8957114172209277
West Virginia,Wisconsin,0.5605105086128384
West Virginia,Xavier,0.624817645579317
Wichita St,Winthrop,0.8768321849257008
Wichita St,Wisconsin,0.5138828408477374
Wichita St,Xavier,0.5798990774141262
Winthrop,Wisconsin,0.12895334122809898
Winthrop,Xavier,0.16199868765137615
Wisconsin,Xavier,0.5653954948214207
